id_cliente,prediccion
2,0.26646076610327507
3,0.24574850517350327
7,0.2831194666390381
10,0.26076191293736145
11,0.2551071743704431
12,0.24488653036756766
14,0.24716250374373236
16,0.27437813101390973
25,0.27254670492471106
32,0.2718049702307789
38,0.2822182164468604
42,0.27098805579392
63,0.2681101194205308
65,0.28082595728510956
70,0.2781554550516552
74,0.27753071278457264
76,0.27927524150371247
83,0.2522510265327611
90,0.2629806664383561
98,0.28580511170999323
104,0.2719150804544015
121,0.23789408201632967
124,0.2756087260867797
125,0.26752033566089645
137,0.28429837123355606
143,0.2512762237473748
144,0.28228136406816334
157,0.2680003590603198
163,0.28341033557850015
197,0.25628288918025116
203,0.2721384393143727
205,0.2728088068894435
209,0.24367907012564372
228,0.2973521035463742
231,0.277216801583108
237,0.2820153602843409
243,0.25192451143245004
247,0.30209653624895677
249,0.25166059710736494
253,0.26936263688591894
261,0.2575182107546871
263,0.23938160804221115
275,0.24717716934609513
279,0.26462190518629697
280,0.2741804489201791
292,0.27699388108700723
297,0.27582389457997514
299,0.27986194524786584
302,0.2642908832960723
304,0.2833860431521195
308,0.2545523714945624
318,0.27825309276664756
319,0.3063114589495921
323,0.24221635650054518
325,0.27595441539998977
339,0.2812844812612466
340,0.27961151929889877
355,0.2816007294319194
359,0.29198545828061995
368,0.29343879926886063
371,0.2812165895805151
378,0.2778993547415591
390,0.2838203039271585
392,0.25124573378562304
409,0.2537219392445125
412,0.2525051107735417
420,0.286619527293206
422,0.25485785330709443
428,0.2752526029193795
429,0.25975288581001194
430,0.26571475919320287
434,0.2552131119159652
437,0.28244546721689023
447,0.2515121631411072
464,0.25848527319579495
466,0.28339818436226283
468,0.28051761536007525
470,0.2765449303365981
473,0.29628834454502845
475,0.25433104640220255
476,0.28352651582030497
480,0.2544147187892682
483,0.27884384793228034
487,0.3067488836774323
495,0.24714514407348037
496,0.3068848057541946
499,0.2614096146027848
502,0.25708558241956114
504,0.28264979156868664
508,0.25029865484427016
514,0.2757191858936573
515,0.26725748234202384
538,0.26960825245389436
548,0.27404674337066204
551,0.27546438996698674
553,0.26878261068544856
560,0.2512866454092709
564,0.28378638802152406
572,0.25702727077298687
577,0.24281086235201532
578,0.2878148914568929
591,0.25926432192381055
593,0.26890543375392506
604,0.2791982792037328
606,0.28283565159994295
614,0.29323628239229854
616,0.24859603638966102
622,0.2749607614686853
626,0.24827521827512308
632,0.25779102735703996
637,0.2508033478060787
640,0.2741487810242581
647,0.2627704533794093
648,0.2533846159487876
653,0.2727368761493409
654,0.24738703399200726
659,0.2676970749943684
661,0.24746197668460373
670,0.2520978410176493
671,0.2515446495973871
673,0.2732813949840234
674,0.24595359918572046
682,0.2752546885900123
683,0.2845737565055503
687,0.25829306189780793
688,0.2685697590026694
689,0.27002527752502414
701,0.29088914430191537
705,0.2795941359331056
707,0.27756901665820727
710,0.25597923841578946
714,0.26253494955471735
716,0.293456305631768
717,0.28588619769755286
729,0.2524669080530831
732,0.27952000576004976
734,0.30464897428847765
736,0.27329322709089443
742,0.25948522080123115
750,0.26871013897920454
764,0.2651422058142929
767,0.26382258357306737
768,0.26939713575836377
774,0.2801752991389403
777,0.24950798514462733
784,0.2736236110986562
785,0.28221094719746437
786,0.2725349167867511
787,0.2791252300266264
788,0.2682093013125619
790,0.26494785733837656
794,0.25534370497741044
796,0.2707846481408446
802,0.2519223173676108
812,0.28629346795960403
814,0.25066375262087104
816,0.2494845440803998
817,0.27398226983800344
834,0.26541763682806624
835,0.2812199137263753
836,0.2744793754627851
837,0.28930934804283664
840,0.25031787871726063
841,0.2519419217640432
854,0.2403299636102802
858,0.27025818129052687
859,0.2626018270785357
883,0.26205639723206003
887,0.24908745562480578
902,0.2925890117720358
913,0.26044037795166064
915,0.2753847749758089
916,0.29444452673130866
917,0.28513989260806544
924,0.2721434157286288
929,0.27396937786591136
933,0.2830703347410444
936,0.24669085748922812
941,0.2573278132401347
946,0.2491072719596658
948,0.2538136635201624
952,0.2816824695971708
959,0.28489056128046636
963,0.30144006796447376
965,0.28171532871254273
970,0.2650961011380429
975,0.2710210056223763
979,0.2717496778223802
982,0.2770735720462688
986,0.2367036790353781
992,0.2898959154000532
1003,0.23796598976312955
1004,0.2699388868383066
1007,0.2907030649943393
1014,0.265984436784394
1017,0.25006542153788053
1018,0.28950260140786216
1043,0.2520656967227394
1046,0.27034801127226565
1052,0.30117389486295204
1061,0.25429018602918596
1063,0.3136073727421903
1064,0.2783946675818027
1067,0.2800699214449835
1070,0.2573387986044684
1075,0.24725195148581958
1105,0.24516616902708308
1116,0.29953224311144544
1117,0.27285686177849533
1123,0.2738110725150143
1125,0.2616937736428953
1132,0.27221996487465344
1160,0.24324792045082558
1161,0.29979887010115724
1165,0.24938252965934476
1171,0.3189195689121076
1181,0.2664875060222931
1185,0.27715591110017285
1197,0.2681433849523911
1202,0.26544608831691163
1205,0.23872074743411106
1206,0.2846089140194443
1213,0.26680404934163543
1216,0.2646592038219421
1228,0.2843176378849489
1232,0.28624641022877173
1238,0.2879111869676268
1241,0.2509392390675258
1246,0.2771570944267102
1258,0.2641878009162629
1263,0.2680092297932503
1289,0.2676442866116934
1301,0.28756295042482627
1302,0.2455652270928219
1303,0.2720333441147368
1312,0.2649371833986075
1314,0.2700052393834546
1322,0.27089731991474564
1326,0.25104565645827487
1328,0.25495536841735844
1334,0.2762365175833171
1336,0.306215684492463
1337,0.24644313234680246
1338,0.27968236373078836
1340,0.2743516339778506
1361,0.2760661351031208
1365,0.2698445788242828
1368,0.2844960862099086
1370,0.26682480159560895
1378,0.28276745360957334
1381,0.2725687503768218
1388,0.29508415934678833
1393,0.2855203950586607
1395,0.25283986041575435
1400,0.2738551603420432
1404,0.24881292896768206
1405,0.25190934567062423
1411,0.27267980611421105
1414,0.2754149647333251
1415,0.24199116743101454
1420,0.2543874551917236
1425,0.2576186705738114
1434,0.29907278643107726
1453,0.2746224319601836
1455,0.2741454986642124
1460,0.3009269210379884
1465,0.2831200353779868
1474,0.29019749736013406
1475,0.23819952986602386
1476,0.2501281799542231
1477,0.2618088256133095
1489,0.2700318639821093
1495,0.27049137980813986
1496,0.24038402676031947
1501,0.27960091578380236
1504,0.2484433982488864
1506,0.2746144671216562
1516,0.27751871913299153
1535,0.26423202965785725
1541,0.2536552700512038
1546,0.24787317038283366
1552,0.2597691376571407
1558,0.27036749725620346
1559,0.25084348662907663
1564,0.265382178367093
1566,0.27330761666385395
1567,0.3159543752115594
1573,0.259437078132092
1576,0.25592510221968423
1577,0.24788926564136057
1578,0.2711620239163134
1586,0.27972175788645626
1587,0.258799783906805
1589,0.2843218553546151
1591,0.28405700037744064
1592,0.2506324943988737
1598,0.25316385871633434
1602,0.2769852855868489
1604,0.2596412830305505
1606,0.26022214438275726
1614,0.24177618626428551
1615,0.28689111273777257
1619,0.2924762880422946
1623,0.28014315146235225
1631,0.2431255404414809
1639,0.24833716279122067
1648,0.24308941388483518
1659,0.2809212671286521
1669,0.2841423591387857
1673,0.29191145754456366
1678,0.2821290242733815
1682,0.28524722581493345
1683,0.26914717083220163
1692,0.27381431755841257
1693,0.30212158979761994
1695,0.27782214911248454
1698,0.27650299353521746
1706,0.3007434642931063
1709,0.2766764993814204
1710,0.27558403609510224
1719,0.27976872577618267
1720,0.25147878000586593
1726,0.2729231890488127
1730,0.27031161902901707
1732,0.2785958798166976
1733,0.27967904975909785
1736,0.26441557752717926
1743,0.26319042299053036
1751,0.27707882718791876
1752,0.28301846935065106
1754,0.27452090254173306
1756,0.2403717182485685
1760,0.26992296380460096
1765,0.24251684083126823
1776,0.28268529905220063
1778,0.2435249290433809
1779,0.27026044127493215
1781,0.24953036836672995
1795,0.2713025261327878
1808,0.23574827458169967
1809,0.279504748834412
1814,0.2711327091791291
1821,0.2803366109567676
1822,0.276491203673702
1824,0.2744993729825859
1827,0.2658287621564974
1834,0.2781105500284849
1844,0.28155092800606385
1851,0.29591603376304176
1867,0.2718281246672537
1869,0.2666580186154792
1875,0.29898684895551797
1882,0.2884732271979708
1897,0.2730230445302285
1910,0.2680582284546313
1917,0.27672550674658086
1918,0.28666901342506335
1935,0.2808920939567532
1936,0.2849103387552334
1937,0.2505960495357244
1949,0.26620129922434965
1952,0.2553522239176758
1956,0.28663725788526323
1969,0.24299149824968438
1970,0.2716525806490058
1971,0.2608482589317858
1977,0.2847933385284467
1982,0.251128726489593
1995,0.24921650371282278
2002,0.2636812054601435
2004,0.2763624721019045
2011,0.3060847169676684
2013,0.29424054104890907
2014,0.26728129455445954
2026,0.27805879664528105
2040,0.280651105095378
2043,0.2814038303062043
2060,0.2644147566096455
2069,0.261678645304084
2073,0.26692423274807925
2076,0.24613747361612295
2082,0.24570433359465071
2089,0.24771329987246074
2091,0.27726731494744156
2103,0.24808814281970834
2109,0.2545775639585089
2112,0.2880356383297864
2113,0.2731752372699223
2119,0.25456279998487225
2121,0.2784398302024038
2125,0.2699983468245956
2127,0.2812449736946006
2128,0.27351580642366236
2132,0.2965892659400991
2146,0.28755660590428145
2148,0.23633429608792564
2149,0.279422833254171
2156,0.2471560217663698
2157,0.2765536464429759
2159,0.27533809377599217
2160,0.2937465969514862
2169,0.2612929116672388
2170,0.25004832174633623
2186,0.26646177152394757
2188,0.24990784324714047
2190,0.27598320393200293
2203,0.2727939905049728
2204,0.26700014330646765
2205,0.28883915296356905
2207,0.26098995283837656
2209,0.24297517958648365
2211,0.26324946301562535
2220,0.25158446959091524
2226,0.27600035351693747
2229,0.28157916288269574
2234,0.26692224003838955
2237,0.28069592159031276
2240,0.2724376051054284
2249,0.2502571141644007
2252,0.26912452138633125
2264,0.261500650850102
2269,0.25924631004613075
2272,0.25272891999774777
2283,0.28690389705898267
2284,0.2497772158137762
2287,0.2705398315424927
2290,0.27788355778565177
2298,0.250713080468931
2328,0.28965604317528726
2329,0.27486721040509426
2330,0.27877370693911513
2336,0.2766437056483377
2338,0.2805810880714101
2341,0.27302596123677153
2353,0.28197395906820844
2356,0.24114506158148014
2366,0.27998933517364083
2401,0.2691116967906162
2404,0.2421039125408635
2408,0.2515509810068104
2409,0.28116932266991923
2410,0.27113990121332077
2421,0.312456250877238
2425,0.280698908305567
2427,0.28069479644201856
2429,0.2720324108658276
2432,0.32221419950477465
2435,0.2789761070118175
2436,0.2744409239483793
2447,0.2550629422666172
2449,0.24919769342855302
2454,0.2532603175736294
2460,0.23831868218842658
2472,0.2961671590157305
2479,0.2612821630863978
2483,0.29426629494300477
2484,0.2720509999396697
2492,0.27923691281100027
2493,0.2505256219956659
2495,0.2819640124347004
2498,0.2743226728224017
2501,0.26804447178673885
2510,0.27691296105797364
2512,0.25538456337729265
2516,0.23799857504289865
2517,0.29012346230326336
2538,0.24306930376515162
2561,0.26913756912957576
2563,0.2743338341321894
2567,0.2856139128800943
2569,0.26030909675050135
2576,0.27625116499600105
2588,0.2803865082454149
2592,0.25386990177399577
2593,0.28193351389567856
2604,0.26714802522599124
2613,0.2678399362646408
2620,0.26902750273052334
2626,0.252579269749825
2629,0.25819456923329115
2634,0.25327856706822066
2637,0.2747061609396247
2649,0.29393494146258653
2653,0.30922650210301306
2661,0.27609888712084146
2662,0.2631664438557642
2668,0.26944168746264163
2684,0.2714586174391773
2686,0.28091515108889475
2706,0.2793681689741384
2709,0.2748475326441573
2710,0.2809419073561788
2712,0.2626102666727473
2717,0.2750393797672473
2718,0.28359749404964024
2720,0.27573346130530046
2726,0.2781130241212165
2732,0.2798946764508947
2735,0.2731264249668265
2736,0.28355598856901515
2754,0.26902928719379265
2755,0.26314995548349185
2758,0.2723314854456922
2759,0.24875360264057858
2768,0.2659127477345214
2769,0.2750311139415754
2770,0.28064805076775423
2776,0.26200579322640083
2779,0.26863767626594376
2790,0.25106438763449584
2794,0.2893115755995814
2796,0.2380114834896282
2801,0.2966249613857813
2810,0.2675377407002476
2813,0.2818642225042014
2820,0.32317366078297216
2822,0.2826998456202622
2830,0.30486279874261407
2831,0.2883177694711943
2835,0.2767223810675058
2837,0.2758687468680904
2852,0.27203595168179284
2861,0.2746237923459757
2864,0.25194295677531675
2869,0.24640853269346227
2870,0.2894720468297785
2883,0.24107237718405178
2890,0.2404871466523066
2892,0.25605164072209474
2895,0.2758872224661853
2908,0.276044231070965
2911,0.24693382516752957
2918,0.2697306770449489
2931,0.2795716450045089
2936,0.27538369029544035
2938,0.25825480301685344
2940,0.28731611582476446
2942,0.2798826933429957
2943,0.2456210802450456
2945,0.3110761122147683
2949,0.2681919263212636
2959,0.2769464921073638
2966,0.2868724703837439
2969,0.2840766460154962
2970,0.2770801942809049
2975,0.2819245893247254
2976,0.28286473253526234
2987,0.267422564483973
2993,0.2549984515162371
2995,0.2581156519504488
2998,0.24694575547625655
3002,0.29032547554356036
3004,0.2761669192770861
3008,0.2648042657267478
3010,0.27718287307179396
3019,0.261239542974738
3027,0.2603669574783861
3030,0.26188572743655747
3031,0.2807806935838548
3037,0.28576777757930455
3038,0.27130334145725904
3039,0.26548129894408423
3043,0.2849028157668083
3048,0.250719116623504
3049,0.27539360679458086
3053,0.24263109491700502
3054,0.25044633158485036
3056,0.24281201471599598
3069,0.2868005370200952
3071,0.2919858135155246
3072,0.30846853482284575
3075,0.2851842193063075
3078,0.2680830098170316
3080,0.26033936453322815
3104,0.2576292101042089
3109,0.27773748836075285
3126,0.25785016252406406
3137,0.25528930458217053
3139,0.27006365936411625
3142,0.27671906936338436
3147,0.2556090787758402
3168,0.28085887361281797
3169,0.30520752295382203
3172,0.26714255378490404
3174,0.2718269969933961
3178,0.2753444206224057
3179,0.2521226592113389
3181,0.2503170153678946
3190,0.2830252457151082
3192,0.28499551240498433
3196,0.2904703256323939
3197,0.2965741808536254
3206,0.2894765064803018
3208,0.25110617079508996
3210,0.2961409928480013
3214,0.26546821797498077
3220,0.2687012414469631
3228,0.24788104169958172
3232,0.2701160720282828
3247,0.2705606628971695
3253,0.2467218827812603
3256,0.2555103185418628
3257,0.2790171167461266
3262,0.26626828737476216
3269,0.2611014124656792
3276,0.24540563907408489
3279,0.2797556832110706
3282,0.263814766491817
3284,0.2522554779915873
3285,0.2764251426952208
3295,0.2634681688059945
3297,0.26455116018645447
3298,0.2586647913884237
3311,0.2385954543268499
3313,0.2612286884887038
3321,0.27529209025495116
3325,0.280057737782735
3329,0.2940896943725885
3345,0.2992667487626918
3347,0.24725204116029173
3349,0.2726846634671216
3350,0.26241718623554816
3354,0.2899560051376983
3356,0.2633046914344518
3363,0.2549616956878748
3372,0.26519843454600966
3376,0.2635339399178108
3380,0.26911740665763023
3383,0.2728518646485408
3385,0.27729420033956587
3387,0.27278908910215693
3395,0.2530816686124839
3396,0.2586482171371417
3397,0.28054285277836394
3411,0.25001594512843894
3413,0.24984149177524342
3415,0.2749993461472615
3444,0.28279692350133434
3446,0.27399543047615577
3447,0.2491267139130557
3448,0.27384597468570937
3454,0.24710897082486424
3466,0.2734161580746549
3471,0.2803546571571681
3474,0.2550362390975858
3488,0.28484295765007656
3496,0.25533136405974044
3498,0.27587859751940486
3508,0.2772665315487959
3511,0.2513382689691737
3514,0.24539872078442115
3524,0.26569342582179745
3526,0.2702956428574629
3529,0.2534382766300467
3552,0.2456697491683376
3561,0.24698513426373314
3564,0.2719963155000724
3566,0.25500395122062974
3576,0.3127811365779369
3581,0.24519832228026894
3582,0.28042746933256774
3583,0.2809984789195398
3587,0.27075409708726506
3589,0.28146244212368215
3590,0.2675140146313732
3592,0.2644099535088378
3594,0.24775130020589423
3598,0.2672381491993883
3605,0.269658853110668
3608,0.2562700672240167
3610,0.2907609331671284
3619,0.2731311784126041
3622,0.2633027102295223
3623,0.2474574903301019
3628,0.28979706709424485
3629,0.27332925740529757
3647,0.24608751653881453
3653,0.27273155304291097
3657,0.3170322171220993
3658,0.2673518287138674
3661,0.2408893884578333
3665,0.27891355643194327
3668,0.24740956389244997
3670,0.24206128096718726
3672,0.23722707375339513
3675,0.28287093431039845
3680,0.24517412616780437
3697,0.24992248008545553
3698,0.23653776204840427
3699,0.28914598249383244
3703,0.24231866463464843
3711,0.2646315717932796
3712,0.2655521279083255
3716,0.27611483074893695
3717,0.3015465286657454
3721,0.3050146024842144
3726,0.2689913339090016
3735,0.27708348712569303
3736,0.276882496262007
3740,0.27764615868220616
3748,0.27589975766574776
3751,0.2626256115921553
3753,0.2633346462738255
3754,0.2543488841009307
3755,0.23880351767502922
3764,0.2713153281536525
3768,0.28134401726275854
3781,0.2589109931514702
3782,0.2947172535596801
3787,0.2635476274336575
3800,0.2872885374192637
3804,0.249347485816186
3820,0.280674308450063
3821,0.27665833468944834
3824,0.24666851668999693
3825,0.2924386145207054
3826,0.2694772315417842
3831,0.2753925471358952
3834,0.2779159390181566
3835,0.28179533059323986
3836,0.2804650416155418
3840,0.28284215218166314
3841,0.29099750918812334
3848,0.27605279245100356
3863,0.26998400630924774
3869,0.26935898081879617
3875,0.2801443412319483
3877,0.27770679414529853
3878,0.26587450451994876
3879,0.27199587090175875
3881,0.28220009707097127
3882,0.2540556981143178
3887,0.2710246639493077
3890,0.27578308615895863
3904,0.2462933380384338
3905,0.27452063392262194
3908,0.2807481448401178
3917,0.2643986682283286
3927,0.2939024075580848
3931,0.29729903459975743
3938,0.297960780473829
3944,0.2763256569899806
3947,0.2777450279659924
3950,0.2752002744809344
3971,0.26474818739402717
3982,0.26871686021831553
3991,0.23972519413032506
3992,0.2605616103395581
3997,0.2679690403276394
4005,0.2651749409984268
4008,0.29396146755016844
4016,0.2595031035371094
4018,0.2825825204589499
4020,0.28240521915145844
4027,0.2492418131322096
4038,0.26274036805970225
4045,0.27336160509217655
4048,0.2871547865554862
4051,0.25061307205201827
4054,0.27148868590374525
4055,0.2925865669247624
4065,0.27323879684574737
4066,0.2933287154529941
4073,0.2560775145658676
4079,0.24576351082398598
4084,0.2607018278079571
4087,0.29152566818010583
4089,0.24587314252451054
4091,0.27909933208934706
4092,0.2784207911908377
4102,0.28005397309111857
4108,0.2753183179387075
4113,0.2761934294251822
4116,0.27951593777418465
4117,0.25440630697835576
4124,0.2596817155424629
4125,0.2803890452611963
4128,0.27335322200210904
4129,0.2679894324451597
4130,0.2957973572667928
4134,0.26065920301596207
4144,0.273403159311786
4147,0.2787429655462022
4150,0.2476877919036153
4158,0.2764108028254348
4162,0.2810984302510644
4163,0.2735136121050574
4166,0.24577857489238586
4167,0.288940820384637
4168,0.2731261757277683
4175,0.24552394777075096
4179,0.2504827692088395
4180,0.2595277999731725
4189,0.287421587091105
4192,0.26056851754350485
4195,0.2862679538678806
4197,0.27113479621344005
4198,0.27949249113286945
4202,0.270089776782975
4208,0.28162196614033497
4222,0.29056909346119053
4225,0.25238647003404696
4227,0.2777179768978193
4229,0.26840733848575865
4230,0.282656305201055
4244,0.27498725271048907
4247,0.2629529971506712
4249,0.2671035610070118
4258,0.28267355461334265
4266,0.2577424578521693
4283,0.26357084905144107
4286,0.2718118757243668
4287,0.26999859673724264
4289,0.2660645521045019
4291,0.2862746099375624
4292,0.2693670938237864
4296,0.24614148504568018
4309,0.24335510518880035
4323,0.30294140974284345
4324,0.2940551675731053
4327,0.2537071132311127
4328,0.2833856720000045
4330,0.24916827476775427
4334,0.24081358364974337
4338,0.25086549908448524
4341,0.2728665564772681
4343,0.2943630799818034
4349,0.24787142937285545
4366,0.2606269338644886
4367,0.245215793608215
4373,0.2657862385812383
4374,0.2797209190481432
4384,0.2743832909762761
4390,0.2517020418649936
4403,0.28503663645454885
4409,0.26396656372676175
4419,0.2927284087486668
4427,0.2710749201638851
4428,0.2771043801064009
4429,0.2780109652720086
4430,0.2500879217960616
4431,0.26393579337688333
4433,0.25460937912900383
4434,0.2543473503397126
4442,0.25200949628179886
4444,0.28046434995254527
4456,0.2570150466113744
4457,0.26949343751526483
4459,0.27426598397177376
4463,0.2848397345365247
4465,0.2776107024766049
4466,0.2483399098897897
4469,0.2603779685792753
4486,0.2784529753205389
4488,0.2648298210472806
4490,0.26978391581463107
4492,0.2796770788536078
4500,0.2601442194682318
4502,0.295194057148418
4507,0.27107009439450397
4511,0.2619315043878561
4512,0.26491423866082425
4516,0.28977345243060365
4520,0.2802543797168977
4536,0.26668183429439385
4538,0.24836843730739067
4549,0.2537659540490859
4554,0.28076470618499977
4561,0.2765517298635909
4564,0.25055898885258715
4566,0.2791093165466944
4568,0.2819110488405515
4580,0.28218269305759935
4586,0.24627631160152666
4594,0.30204913032643066
4598,0.2771733350320303
4602,0.270912499123662
4609,0.29347923240865087
4610,0.2767564690897918
4611,0.26827321710844754
4619,0.2978747755657132
4624,0.2829293603174081
4627,0.2805670009518284
4631,0.2500467221531856
4632,0.2764036637909849
4635,0.24581446815336067
4637,0.2785449916897185
4641,0.25199046394144636
4643,0.24776636979359087
4660,0.24540021673325596
4665,0.272759561066916
4667,0.2399249349211143
4668,0.27768123538244904
4670,0.2809386778872818
4674,0.25465390645687663
4676,0.27121665577978266
4683,0.28426661936740066
4684,0.25366017273023145
4687,0.28036550313853775
4704,0.2805525202296162
4706,0.2694361453541211
4732,0.27619648986883927
4734,0.26250622892463715
4735,0.2821190313817776
4744,0.2594651800611682
4755,0.275848097965145
4759,0.24847664051693633
4762,0.25570854576486407
4765,0.29720409655850033
4767,0.2846766045635418
4775,0.2831070966595659
4780,0.2732308621973092
4789,0.28183205587365456
4794,0.26217303119920266
4795,0.2865328513716693
4797,0.27718766166594194
4803,0.24713304781613482
4810,0.2878259398565019
4812,0.30131449732575094
4814,0.2804330516974061
4818,0.28792162047919734
4820,0.25625386360986596
4822,0.28212431062228027
4827,0.24350316287798665
4828,0.25401284798048396
4831,0.2414408068465858
4839,0.27368580107293194
4841,0.2394110454234492
4842,0.23983742693117288
4844,0.2812128934347948
4852,0.24226639526986699
4861,0.2593403779807585
4863,0.2856020840430525
4878,0.26862531547967095
4881,0.2527469811280242
4883,0.2836143726312963
4884,0.27305684062335367
4890,0.2640860931612528
4894,0.23612274894277416
4895,0.27872060249047187
4898,0.276355587944298
4899,0.2521856902671183
4901,0.2559755053340667
4902,0.25376383063082697
4919,0.2742992599268386
4934,0.2580196823575961
4937,0.2705846113681454
4939,0.2512489836779301
4945,0.24247644009100455
4952,0.2760007459612956
4953,0.2717877557386372
4954,0.2724858113123265
4955,0.2763734511034795
4967,0.25456708199380285
4970,0.2672894825028463
4979,0.2896371874006914
4983,0.27615519792902393
4989,0.2686566113100443
4995,0.2757937173168371
5004,0.28243907629595705
5007,0.26695007797328096
5009,0.24971333414382135
5010,0.27425666465896564
5016,0.27943517022333325
5033,0.25018232827184606
5038,0.23858721696720708
5045,0.2641013341131621
5049,0.25759287869838005
5051,0.24482787768243752
5055,0.26525167725378024
5058,0.24864886681874077
5059,0.2661483471853894
5073,0.2671252375662746
5074,0.2906796758299392
5076,0.3027130743524833
5078,0.24968841072893852
5081,0.26273191582002553
5082,0.26256592680364677
5084,0.24304882028995511
5105,0.2672504283989046
5107,0.27333482460787284
5111,0.2529039295607172
5120,0.24122072366835637
5121,0.27049057490097744
5123,0.27013519930106855
5141,0.272775176580974
5144,0.2800590894180655
5147,0.2805414159697523
5149,0.2404844899966255
5152,0.24160142829307144
5160,0.2785476652355357
5170,0.28793769502923167
5171,0.2891011974971187
5176,0.30044938588468845
5178,0.2774331289445289
5192,0.25749552973458806
5195,0.2592278878081863
5204,0.28909895884260645
5208,0.2985662475713644
5211,0.2580668790139911
5216,0.2378322821331448
5217,0.27899997559320516
5225,0.2776777619955654
5228,0.26765150917446806
5239,0.24435558264049798
5241,0.2536992350435507
5243,0.30501512864859626
5246,0.2828658242391646
5247,0.27777060013152377
5249,0.25918415795340755
5251,0.27724277059663704
5255,0.2933054166008397
5257,0.30052419568499905
5259,0.26114898866116254
5260,0.28050576436330543
5269,0.27871313735925357
5281,0.26253947658180127
5284,0.2780627565767277
5286,0.2509552551498322
5292,0.25393841877105344
5293,0.2823646451759005
5299,0.2680899529428843
5301,0.2897364341829681
5303,0.2649783480418884
5305,0.2659005570358607
5319,0.2520724166310867
5325,0.2518933290191815
5331,0.2685261926443705
5333,0.2476499535645082
5335,0.2709102395804661
5339,0.2708641873719956
5340,0.27367873812695176
5341,0.28786641403086766
5343,0.2720103098087701
5347,0.29413014874478627
5353,0.27544333311313357
5355,0.26649008747604885
5363,0.2708024314905243
5365,0.29477359303476686
5373,0.2818141928731397
5377,0.28712586278857055
5379,0.249157746791337
5385,0.27736138723584114
5386,0.24895329145956166
5387,0.27709815438854857
5389,0.238079832703476
5390,0.2540620575450863
5396,0.2518163401911091
5397,0.23918524841154482
5404,0.28009547699661824
5407,0.2750865878338033
5410,0.23931576581021316
5411,0.2537195446166105
5412,0.26984529459876794
5413,0.252058388016154
5418,0.26960504213888326
5424,0.2778684625394706
5427,0.31490290141979
5428,0.27685001426952477
5433,0.27977263512389683
5441,0.2979420223073058
5448,0.2802787782762794
5456,0.2986306823345834
5460,0.2471310684935766
5465,0.2905093514185153
5468,0.2501990674817623
5470,0.27452189941272914
5475,0.29014901218854006
5487,0.28507506858626697
5501,0.24959025979801364
5504,0.26395058668616206
5508,0.28609289581106834
5510,0.26944885434907717
5514,0.2564933719135856
5528,0.27675276484535
5540,0.27226740537906413
5543,0.2689433712321153
5545,0.2751347409740883
5546,0.28336768692190695
5548,0.2528103893700479
5551,0.28959833975630633
5553,0.26843444399892574
5556,0.26662598005424154
5560,0.2805857068828266
5563,0.2772873845005287
5569,0.24182631526178225
5572,0.25279432338460883
5576,0.2403297133609186
5582,0.2775399943341398
5586,0.25420586047615606
5598,0.26145460878262267
5605,0.2806206608021555
5608,0.26925422560552087
5610,0.277657169254282
5622,0.26075111964136855
5628,0.2704189272619632
5632,0.2778705471728187
5640,0.25010943190639545
5641,0.24858987266788998
5647,0.257084931791153
5654,0.2551625695644178
5665,0.2826771092114865
5667,0.2888273017789385
5674,0.25871476110170727
5691,0.26121182590488723
5694,0.27861105493437927
5706,0.27052512263091877
5716,0.24932048216337538
5722,0.24870784833283194
5738,0.27575516060318433
5745,0.2874777233035039
5746,0.2690946614864569
5755,0.27789780007147397
5756,0.24188316591911718
5760,0.26999426171149643
5761,0.2797292782644426
5762,0.26265987226240145
5763,0.24503021231147415
5765,0.29747444670205825
5773,0.278770255967021
5781,0.2817747592940638
5786,0.2747452149120049
5789,0.2818844971497147
5802,0.28627559208225045
5808,0.27067915490392386
5811,0.2637719213569486
5812,0.27880664282351697
5813,0.2788054820328409
5821,0.28464242110417787
5829,0.2932841242602691
5838,0.26047007066392924
5842,0.27623683407402966
5861,0.28382904099175255
5864,0.2521790463367686
5871,0.2953263459431319
5875,0.2778738228938774
5879,0.2808047551511981
5881,0.280850957503528
5891,0.25681901792887857
5903,0.246025022060368
5909,0.2795318380280649
5914,0.29377897665589514
5918,0.27133438986937525
5933,0.250780209411182
5945,0.2569836285273787
5948,0.25977291289757315
5949,0.24725890985401647
5950,0.2800287601985178
5952,0.2709519252371634
5955,0.28536015464028774
5959,0.30986831390347386
5961,0.2784905803959587
5964,0.2408345873952077
5966,0.27900227335655564
5978,0.25070645849628453
5980,0.2612720449345372
5983,0.28698586381301106
5985,0.26506588235618406
5995,0.27584569229979883
6009,0.29060762571701465
6016,0.26092245995756397
6021,0.2830059729572066
6023,0.2714440046176986
6029,0.2814434665849532
6033,0.28635854431932334
6036,0.24273919965667431
6039,0.25000890755969474
6046,0.292879113926297
6047,0.2481213398221221
6051,0.2751014595282025
6054,0.25662384710431163
6061,0.2838767373230049
6065,0.24973565847041368
6068,0.28310139457849864
6069,0.29817193287050536
6070,0.28264081114849565
6072,0.2751622312609103
6076,0.2896222644187536
6082,0.2488540648401082
6104,0.280258988829339
6110,0.3086587633048545
6122,0.28328320521618344
6123,0.25879815232893266
6126,0.23629786020443214
6128,0.28486928289526825
6131,0.2520350610731154
6139,0.2841677849620864
6140,0.2710032438159152
6142,0.27387944066992487
6143,0.27455780078336006
6147,0.2772664767258807
6152,0.29550778786604215
6164,0.2681225030400453
6171,0.2985229878566144
6173,0.24411202587812997
6175,0.26681715553225893
6176,0.2392655502102834
6179,0.2700579895110008
6181,0.27471365979394186
6191,0.25989008001911235
6200,0.281729671586622
6201,0.26134868967686636
6208,0.27624589171709696
6219,0.27624077582807394
6223,0.25149315159485736
6224,0.2536071254929428
6237,0.26169124191083215
6255,0.27269193467227915
6265,0.2927158575683386
6273,0.2861777543032178
6279,0.27452284916269265
6284,0.2822515965819332
6295,0.2525666884033599
6306,0.24060453506076626
6311,0.2843329637737675
6327,0.27530061744743867
6330,0.26839346923445184
6338,0.2807246915532382
6343,0.2779293329314359
6345,0.290725417298851
6351,0.2740805136041304
6357,0.24793123691427935
6360,0.28255992522894796
6389,0.25681493436326486
6392,0.2797374613685396
6404,0.2899940309033323
6406,0.24767497591899124
6407,0.3002843847191199
6414,0.2508581864328817
6419,0.2671924954592331
6425,0.27042023083109773
6428,0.25042219136855914
6431,0.24772253294349422
6435,0.2530964966450646
6436,0.26327871860707
6440,0.2617118572340506
6446,0.2790577458440068
6465,0.28866298854369904
6473,0.26426361322061986
6476,0.26251767651835545
6477,0.2708207812484798
6478,0.28781161414684897
6494,0.24466297173807494
6501,0.27991155493223385
6502,0.2868622285761072
6503,0.265644312568118
6514,0.24701480156910421
6516,0.2783200750978208
6534,0.2936400599920312
6541,0.2535556316163528
6553,0.284843593915494
6557,0.25799794548369154
6559,0.2624548264589533
6560,0.31181397000567934
6562,0.27395461451092207
6575,0.25926962710043827
6583,0.24335293366551583
6588,0.2846996222566002
6590,0.25914727317109004
6594,0.2618268786509887
6602,0.28775571275411527
6603,0.2723189733189362
6606,0.2744099430605722
6614,0.2914855823008328
6618,0.2700436390510472
6628,0.2933568136520087
6633,0.25154562829581
6639,0.2949853594974941
6648,0.2698774489331571
6654,0.26708497349916444
6656,0.24728745441151703
6657,0.295260313942298
6663,0.24812234362584232
6664,0.26939137844887256
6666,0.24900608768693086
6670,0.2650189218984025
6671,0.2858635425109564
6683,0.26001105670168495
6694,0.2723162313204487
6695,0.28088286651580224
6699,0.2686161293577114
6701,0.2682458474859533
6706,0.2364511755571532
6707,0.24420940782022227
6720,0.28163977373635596
6721,0.24858247172695241
6726,0.26777836422924517
6735,0.2885586890682478
6745,0.2625443451544011
6746,0.2592232138953319
6751,0.24809441407041716
6759,0.29345358933446297
6760,0.26845068709842784
6765,0.2820354745255372
6774,0.2600402456402163
6776,0.2835352407819985
6779,0.26344449652077667
6789,0.29023083304225117
6792,0.2887081473210203
6797,0.2396908695824906
6807,0.24411047120754015
6808,0.2846170974766687
6811,0.27922224049679656
6813,0.25647907654105284
6814,0.2730933245258357
6817,0.2727026796860831
6826,0.275134601097907
6830,0.250849664320632
6832,0.31910764645376966
6838,0.28930722174639745
6840,0.27501532995789085
6850,0.28059597310535017
6851,0.2746966177985096
6854,0.2743300945743181
6856,0.2755441707807421
6858,0.272660743678413
6866,0.2935053029374365
6871,0.27056264662641516
6872,0.2675872587400914
6879,0.2674102265078366
6881,0.2447858215782427
6882,0.2867836609310565
6883,0.30512049031280863
6894,0.2955194604238414
6899,0.2468332558979086
6903,0.2797452602307157
6908,0.2931914056975795
6914,0.26627063430368003
6915,0.2427061637071967
6917,0.2801196659671399
6922,0.24278020290894664
6933,0.25085064040126936
6944,0.29378880006664426
6948,0.30408069511102787
6957,0.2889009842932572
6964,0.26633311289631906
6987,0.2792425141193071
6989,0.23810282556364445
6991,0.2682591421081023
6992,0.2749956715651493
7019,0.26789375510125835
7021,0.2429750151679267
7023,0.2775702169642037
7033,0.24778685876490675
7034,0.2888311254821914
7043,0.2896869196881938
7047,0.28568407462864576
7050,0.2626654366557304
7057,0.26901508951694275
7069,0.24913683432341543
7070,0.25125593706067717
7072,0.28920705325772467
7081,0.265188922188339
7082,0.2511822611319962
7088,0.2775733642412952
7093,0.27038180380100724
7100,0.28254771467014916
7104,0.259145487563184
7109,0.24883948261095826
7111,0.2738255263908282
7113,0.24007373520163336
7119,0.2815626855947557
7122,0.2475701660379861
7134,0.2625918620038254
7147,0.24729809075171105
7155,0.27666221161846827
7156,0.28914294132346713
7163,0.28706426403074164
7173,0.24838752181717333
7177,0.2628658737202134
7179,0.2884182804002492
7191,0.27815513871778164
7196,0.2848505701189802
7197,0.24146447834803705
7205,0.27188504311703593
7209,0.25262801632654086
7215,0.26423343404235156
7216,0.26815087422962225
7217,0.28434456289740634
7224,0.27098347756720453
7230,0.27139686179361006
7235,0.31093172599298724
7237,0.24953052746069218
7245,0.28005711476242307
7246,0.25294780825678775
7252,0.2488910730111242
7257,0.26615415140331894
7258,0.26389632565715737
7261,0.24843492719169885
7269,0.27521661565691663
7270,0.27650014082055996
7283,0.2957564710129073
7299,0.26163008052801007
7301,0.2416863755138255
7304,0.29411260144710083
7311,0.2877869857629161
7314,0.275165640495436
7332,0.27615650758718896
7333,0.2747632268240853
7335,0.2770927705767755
7336,0.2519855095111233
7337,0.26836407971105963
7344,0.2642791639143469
7348,0.288291479975941
7351,0.2908989353631849
7352,0.24955033633992682
7371,0.27615115809857027
7373,0.27228538710703987
7376,0.2756216864096998
7383,0.2897542852428699
7390,0.2539557184007332
7391,0.2544750019689148
7392,0.2684383565220967
7395,0.24331771206787323
7400,0.2966894815779376
7403,0.27524659683808783
7404,0.2715147913894745
7414,0.2744701887559882
7429,0.2803018900961759
7435,0.27637407730745933
7436,0.26762330391631095
7438,0.28261110743735685
7441,0.24223577387404294
7443,0.27634880297026787
7444,0.287078544653659
7452,0.2673811521211446
7456,0.2691758805509138
7462,0.2637713831995461
7483,0.2707118775316662
7490,0.26346693865845133
7492,0.2895385879245245
7504,0.2616912176686332
7507,0.2908682714500733
7511,0.2541389870718547
7519,0.2885442472663369
7520,0.27553929762584645
7522,0.24666525673658343
7530,0.2473293117778688
7536,0.28715491901739115
7541,0.2857458935708782
7543,0.25116516223908536
7545,0.29304140359749287
7558,0.28441861266093343
7560,0.2598402067832753
7561,0.2834251659720803
7571,0.2667363155448479
7579,0.27319453716616093
7580,0.26489931602164474
7581,0.27986234145075034
7586,0.27280897572601476
7590,0.28403131413731225
7592,0.24966267732001166
7594,0.2916756139643475
7595,0.2876938887630872
7601,0.2586260722142755
7602,0.2734615028144737
7603,0.2605349551000071
7611,0.30684719012567435
7617,0.24929887976547438
7618,0.30225961441327615
7619,0.2957838761415215
7625,0.2500359919638554
7628,0.2687081745541441
7630,0.24266151624675542
7631,0.24712783389949244
7633,0.2537309057043398
7634,0.28236141966374023
7641,0.28296782937918913
7642,0.31609374841857046
7646,0.25595851535515757
7662,0.2699878820808977
7666,0.281068918913594
7674,0.27318066803506186
7676,0.2690935082175049
7679,0.30085671461680663
7681,0.2778160325335295
7686,0.24518955288742367
7696,0.2760609515147966
7707,0.2658764751139985
7708,0.23744057541307173
7712,0.24557119910283148
7715,0.28488963480246876
7716,0.2453005213856566
7717,0.2635332806583958
7719,0.25181076849777745
7723,0.2521202801090562
7726,0.26202184749286067
7734,0.30499256892132665
7739,0.2590953503789204
7743,0.26865372435630486
7751,0.2520700324837938
7752,0.2948314451583519
7755,0.2850281580388363
7758,0.26657038889235407
7761,0.27656543457440047
7767,0.25115035380435663
7773,0.25255553688440036
7779,0.27081742520118124
7785,0.24735642462896684
7792,0.25612280612806715
7800,0.2862420217537435
7801,0.2728994416257989
7802,0.2732507306610331
7808,0.29388052753071947
7811,0.2661491481732668
7816,0.24067264906244337
7822,0.2500990269888438
7823,0.25884058164172835
7832,0.26797273599969396
7833,0.2623064568417658
7838,0.2629914053198789
7840,0.2670420893200517
7857,0.26502194047645367
7877,0.24859086549625306
7885,0.25593146248155135
7900,0.2685634059464548
7907,0.2639333025215921
7910,0.2568697407700821
7918,0.2749786688039774
7919,0.2509179386715283
7928,0.27626569289342606
7933,0.29096131429905586
7941,0.28474400264002375
7947,0.2598141557977794
7955,0.2837095195234853
7956,0.2831863204727329
7957,0.2779278099991626
7964,0.2817000172094715
7968,0.277183909201967
7980,0.2564188053137167
8004,0.30309880181585547
8016,0.26746809393758353
8017,0.2814693877273069
8024,0.2975590395849948
8031,0.2791773863088874
8032,0.24565855055514668
8035,0.27357511033040305
8036,0.27207306738676135
8037,0.25757221770701216
8052,0.2875918103619327
8055,0.25888547026602954
8059,0.26093291292272885
8063,0.2481358117033179
8064,0.28935619660123185
8068,0.2740604401862873
8070,0.26227143448873574
8072,0.2696339088243839
8085,0.27835519587447766
8089,0.2697638673336731
8097,0.24907733007727723
8100,0.2727532708706543
8102,0.27340857644472655
8105,0.25055163867482555
8114,0.27541930914410345
8117,0.2782102461625613
8120,0.2769471714921507
8126,0.2796081479511074
8128,0.2629384708618494
8135,0.2524475780013452
8137,0.25439508606902245
8148,0.2762070351321261
8169,0.25073637469108623
8173,0.24776176436449077
8178,0.2957174923418109
8179,0.2890273268841621
8182,0.2411290304348738
8184,0.27356074169126987
8186,0.28158831224436953
8189,0.2881275789177469
8196,0.28237815772475894
8216,0.314925827877295
8219,0.27152329971085465
8221,0.2707855190339261
8227,0.26697168595562965
8232,0.2987447964166654
8245,0.2739531094358547
8248,0.28032398288280114
8249,0.2898176737907345
8250,0.27835241290588086
8256,0.2513798713725182
8258,0.26990305915273555
8259,0.23992787372771926
8268,0.24487392719901938
8271,0.2527996865422659
8273,0.28940289203824077
8275,0.28398872569655015
8277,0.2946427601421368
8283,0.28030912561028676
8288,0.25170771817574505
8299,0.24567488619893904
8300,0.27292225322999414
8301,0.24618526483339456
8307,0.2529316515109191
8315,0.27646797981617643
8324,0.252174269255438
8326,0.27025968713723514
8351,0.2589303976874676
8367,0.24072168035036226
8368,0.28518738054839093
8371,0.2724735375924708
8383,0.25304382226595773
8386,0.28267558303426976
8402,0.2519786416600846
8404,0.2700342265236491
8421,0.2765281261961234
8422,0.258607236274363
8425,0.27756726946818705
8429,0.26151156012299015
8433,0.2891044252278988
8437,0.2787338716112506
8440,0.25962783505665454
8455,0.26179731465977885
8479,0.2984060406678984
8482,0.25747814058716884
8485,0.2852010539279896
8489,0.24776777784299425
8490,0.2379680751938776
8492,0.25884160991454774
8496,0.27895276936746566
8497,0.26884291307611147
8498,0.2726191434593312
8500,0.2883297148506332
8501,0.276520184089303
8508,0.27043159217969037
8512,0.3064878994774399
8522,0.2746402022014652
8536,0.24181071876470828
8545,0.27104629230134425
8546,0.2639416309340626
8554,0.2993147589337822
8556,0.27508455270896104
8557,0.260214620806312
8559,0.29237272738676345
8560,0.27021962841859
8563,0.27206872721756403
8565,0.2737890199278272
8574,0.24601522403922818
8578,0.24524716904294153
8585,0.2470342249632751
8602,0.2571876142449045
8605,0.26946854068549514
8609,0.26037143812746977
8614,0.26555670664752173
8619,0.2781892374577514
8629,0.27796844159806494
8632,0.2561234125914627
8635,0.2396777301931658
8639,0.24905486860415588
8642,0.26421242866977884
8643,0.25776550470240983
8655,0.2615168106543384
8657,0.27884621355275846
8662,0.2766907267915497
8666,0.27764436952333815
8674,0.2507840784037036
8676,0.268312307834193
8686,0.30300500434640754
8691,0.2703755213662549
8702,0.2655001290296625
8714,0.24575497656399065
8718,0.27655270769399026
8731,0.27310306095388925
8738,0.26477393556169326
8745,0.2689183959931801
8749,0.280341647617171
8754,0.2879954552251535
8760,0.28743433608740565
8762,0.25188792364314866
8767,0.24056110749435738
8768,0.2961541692017025
8769,0.23979553382641722
8771,0.29402116135097334
8795,0.256548919454406
8796,0.25196642487507687
8811,0.2993458996736932
8815,0.25413237163932234
8820,0.27105647124058263
8825,0.2741857161797877
8832,0.25734456733213995
8839,0.24969376150450134
8841,0.3121805415623321
8848,0.2835135382125798
8849,0.2591964034086191
8856,0.284902738316172
8875,0.28375760878749773
8879,0.25077914402555035
8882,0.27414603775195817
8885,0.27524096706546064
8892,0.27150964251846404
8897,0.2779812834423983
8905,0.24040153971192751
8921,0.24745571319498988
8928,0.27553274029754077
8935,0.3009226430262632
8939,0.25886395581175387
8941,0.28267139788950874
8942,0.2399505505115224
8949,0.2723798634235924
8951,0.2600038520883954
8958,0.2859750984048232
8964,0.2557093889933978
8972,0.2400707109990988
8978,0.2878123149839907
8979,0.2675357948051072
8988,0.2934305407952386
8997,0.2696600756390822
8998,0.2423902571098483
8999,0.2822876300595845
9006,0.2779364863428194
9012,0.28829205201809666
9024,0.28916373144592755
9026,0.27729749029907474
9030,0.26981266618425015
9034,0.24955955493790624
9036,0.2829019922730897
9038,0.2515054625619129
9040,0.28749585697858815
9041,0.2636368398575948
9042,0.2523110671294946
9046,0.2529952815777941
9051,0.2882072481048189
9054,0.2942089218766285
9057,0.2623391546779016
9062,0.2484440961325163
9072,0.2820424045501761
9075,0.27102361498922656
9079,0.27700944493369994
9081,0.2651826635694792
9091,0.28189385150009877
9110,0.24754948348678416
9113,0.27448147700383047
9116,0.270839249149802
9120,0.25760104588451493
9126,0.28921088977171444
9133,0.25392411438588763
9135,0.2880507384273512
9144,0.27261167996209945
9146,0.26860829994357843
9153,0.25944851142100184
9155,0.25477813593662557
9160,0.2700877155341446
9165,0.2863431307847534
9172,0.26667741681382745
9174,0.2739867426447966
9179,0.24850755145465406
9180,0.27227599654403867
9195,0.2867189956874715
9199,0.25745627099077245
9204,0.2543991464207502
9205,0.26441014711866395
9210,0.2837767135341282
9228,0.25920433810230376
9233,0.3010853907873954
9235,0.2688778432823892
9237,0.23914307332674342
9239,0.24877154457709455
9240,0.265546178997752
9241,0.2812606530272075
9242,0.2868745094323081
9246,0.2568238750191174
9248,0.25723257173435166
9253,0.27646045039099343
9254,0.2600663822789865
9260,0.24879546119147458
9261,0.24211643371974872
9262,0.29191310108749063
9263,0.2988329625516487
9268,0.28012039313374404
9275,0.26554421821793045
9278,0.2635052457487218
9287,0.2676575462366072
9292,0.2718925692698283
9308,0.2916078856819561
9309,0.27113809370629127
9310,0.27425773153457217
9312,0.2497575116630737
9314,0.2582248239115007
9316,0.24431331796866418
9318,0.2921155779852858
9322,0.2807642575772141
9325,0.2740916465968176
9327,0.2996215101805406
9336,0.2597240580467477
9340,0.28864279284907857
9342,0.2552381952265571
9346,0.2673193634089585
9351,0.29156933370629123
9357,0.2735290388426107
9372,0.2815507175651354
9374,0.2531146268151704
9378,0.2804881151248577
9385,0.25612310500841523
9413,0.25442515168647484
9418,0.2736192205521261
9420,0.27896846528139424
9422,0.25921122274953207
9423,0.28212241419571854
9425,0.2715975566200588
9426,0.2677331272743827
9434,0.27880753436058486
9436,0.2758945151461607
9439,0.24164343767514912
9446,0.2574027039872493
9460,0.27228591503401706
9461,0.2706312823190216
9467,0.2756287732219888
9472,0.2766249183982955
9483,0.26710707151208524
9485,0.2761481839233265
9492,0.2512799713725566
9500,0.2665160166360868
9507,0.25609438410177876
9514,0.2731966002441843
9516,0.2818567634691051
9520,0.2586569983189263
9542,0.24611073922406296
9544,0.3080015962841386
9548,0.2536324330715653
9556,0.2662318672726035
9558,0.28538064160034754
9565,0.2810663104775654
9571,0.26765080600240787
9575,0.2672128048166009
9587,0.27357365994588134
9602,0.25015265488004074
9609,0.2546948901003856
9618,0.26514541982628614
9622,0.29084393765551986
9624,0.28115337154490583
9648,0.27187970595869926
9658,0.2495832342453922
9668,0.2757851510559385
9702,0.23886704395448974
9705,0.268089587754774
9706,0.2641059239550161
9707,0.2857778834568551
9708,0.25335540424901015
9710,0.30562544866698144
9726,0.2868915999935471
9753,0.24324395526644862
9757,0.2714252361509289
9761,0.2519524594602711
9765,0.2799362074237439
9768,0.3231202251612752
9769,0.28342160912191794
9775,0.24334783239750823
9778,0.28541901990801644
9788,0.25520791455595176
9789,0.2869146272582641
9792,0.28045675839920053
9815,0.27331596010672526
9816,0.25911437051572017
9822,0.24745459165165695
9823,0.28033428839032526
9827,0.26957196221434887
9835,0.2929877118532519
9840,0.24970665861765604
9841,0.2657390470393416
9849,0.27886466133535476
9853,0.2723682101766133
9869,0.2590189742840211
9873,0.2532647748464414
9881,0.24755187348902138
9892,0.28621398651272467
9898,0.28533341209653185
9899,0.26819989981554077
9915,0.2587124993660156
9936,0.2720281533049259
9940,0.2797986336431627
9941,0.23937962341267907
9947,0.23987144041786274
9957,0.2708235953405015
9962,0.25327917400813355
9963,0.2723742820755612
9964,0.28507881515206485
9965,0.2762050905076533
9968,0.2826453335899021
9971,0.25453748442265195
9973,0.2733650437325557
9980,0.24811220290756736
10002,0.27830157611069883
10005,0.2536174383790155
10007,0.24964047355742192
10010,0.287346962151974
10013,0.2863055367623565
10014,0.24955343982532785
10017,0.2779935778844555
10024,0.308817990640299
10030,0.2694080765010207
10037,0.2673780798209714
10046,0.26133397380702456
10051,0.2849728577491675
10063,0.27456956656743275
10067,0.26786854017010175
10073,0.24778451093955797
10096,0.2398550172525576
10099,0.2553588514997195
10100,0.24360226197829837
10101,0.2931793061023145
10103,0.2547936396020433
10110,0.28847030775902904
10113,0.28474906058824856
10116,0.25500037506569145
10124,0.3142752297968892
10127,0.25011509448324176
10129,0.2965825285320578
10139,0.27918616369671145
10140,0.30887995541926927
10145,0.28716828531082367
10149,0.2678492411684363
10151,0.30475775902316793
10165,0.259496541035522
10166,0.24503800595650815
10168,0.2899508577352917
10174,0.2707753901641788
10186,0.2593039074737282
10189,0.2558753593906284
10193,0.26993664960343866
10197,0.24963916275953535
10201,0.26595190011893144
10206,0.2983970873564017
10211,0.27079964607432844
10216,0.2810868336190668
10224,0.29484035396295993
10234,0.2829763866112833
10236,0.2857683683645046
10239,0.2799445279853515
10247,0.26221728141090966
10250,0.23564073121479756
10253,0.2958387933370919
10254,0.27982506428630505
10263,0.27662433062040237
10264,0.29704840646661895
10265,0.27425168061864863
10275,0.24625196948211042
10280,0.27588855636048215
10286,0.27030909382840407
10287,0.28319721201152953
10293,0.2877558812868393
10294,0.2754457280767524
10303,0.2517919289099361
10308,0.309856171838337
10311,0.2736241538484597
10318,0.27919786409916625
10323,0.26602166359552704
10324,0.2573566893884444
10327,0.27497700083006454
10330,0.2717619086920772
10331,0.256184876044232
10333,0.2624552181582419
10334,0.2746465891966336
10335,0.2732581343512012
10338,0.28840278947364967
10339,0.27427659008639194
10348,0.24982490858992215
10354,0.2716224103609988
10356,0.2869951643885283
10367,0.252092301260705
10375,0.2837669173581017
10384,0.3015833394327824
10386,0.25092506834018746
10389,0.27544466915430804
10393,0.28800891819206037
10404,0.2987525532171656
10408,0.2799691510399101
10416,0.33483763628456953
10434,0.35263183164366113
10448,0.34027497321281636
10449,0.2984909365245275
10452,0.3237812199572951
10453,0.3714544137426442
10454,0.2876949928918646
10461,0.35309118942650736
10462,0.28822870575988674
10472,0.2923160791270992
10474,0.32706459770110424
10476,0.33093138331509625
10478,0.3115186251970734
10483,0.3170334369414113
10492,0.3426629284197118
10493,0.37514606373073955
10499,0.3027381561364024
10501,0.2809541852246884
10509,0.36981739898913035
10512,0.30451656493784557
10513,0.2744984443897332
10516,0.35057647336459163
10517,0.3351707145179029
10525,0.33717451912557395
10529,0.30553744847945935
10532,0.3251470046211046
10537,0.3271189878498712
10541,0.34285174053393097
10545,0.3486165346517544
10548,0.30936794959474606
10552,0.2776948023934687
10554,0.3380332822504477
10557,0.34129557082465223
10564,0.33604835605334893
10574,0.3083138674886442
10591,0.33387953789335323
10596,0.3585170798872098
10600,0.3471764249004114
10606,0.2800659393260716
10611,0.34082089453476916
10622,0.277892042936251
10626,0.3107504661151737
10629,0.30330425629744234
10630,0.31513983511028576
10631,0.3673428879739373
10633,0.28743730042206617
10638,0.33488766131151126
10639,0.3801231024852709
10640,0.29232342949891976
10657,0.37507621771607835
10663,0.32644491470277315
10664,0.316939718092458
10667,0.32849985149868177
10671,0.33806816952981433
10672,0.3311325324835938
10675,0.2974229967710685
10679,0.32272612190384375
10681,0.3251632272418287
10683,0.3029917719367569
10688,0.33101559835521194
10701,0.30997854056775
10704,0.3539201867794954
10709,0.3862268210902646
10715,0.34624186127946066
10718,0.31512058768244294
10724,0.32824425146701375
10731,0.314401284542686
10733,0.33031911177747875
10737,0.35410080337444055
10744,0.2716060699114122
10750,0.3282337707526504
10770,0.3272123845137081
10776,0.34563708679724914
10780,0.29760157838608514
10782,0.3360805975772554
10789,0.3484285731853195
10793,0.3316471412573559
10795,0.34498619982245127
10807,0.32881696574719943
10813,0.33086026205371993
10815,0.3705103684190052
10817,0.3555751892004311
10819,0.3595440836164611
10824,0.32285895910391793
10828,0.34639428267348066
10830,0.3264765129367925
10832,0.35230652569828547
10836,0.38110357436474546
10839,0.34332440421848887
10843,0.31566158545639367
10844,0.3106649124491389
10866,0.3383231627416901
10872,0.3038731680347208
10873,0.3013878250820938
10878,0.38043880836682387
10889,0.29834008128053935
10899,0.35945788690585756
10901,0.35408550670293937
10904,0.337680952521333
10910,0.38092896850771163
10911,0.3445019837052739
10917,0.35799127002347675
10920,0.32839498623183216
10921,0.2581588757220391
10922,0.2946165320259463
10929,0.2840124405369499
10930,0.29069501213598903
10933,0.3147119157201486
10934,0.3074868365545639
10939,0.31376011273118454
10942,0.34096189851773273
10943,0.2674050623320854
10945,0.33854245381793113
10946,0.3613621459259704
10949,0.3170591710833587
10951,0.35426192091926884
10952,0.3717391343994373
10953,0.30159830891640316
10955,0.2586362371966804
10956,0.32743412049148857
10959,0.34930510915460056
10963,0.3014796843933561
10965,0.3278546185631285
10971,0.29112174587065887
10975,0.35123416666361995
10979,0.32450876370369397
10983,0.33778024105209714
10984,0.3032473366327736
10989,0.30946226391765125
10992,0.33136007809947116
11001,0.27989871130366195
11003,0.35659597529687825
11004,0.27739519568330984
11008,0.2667011139025184
11016,0.3048307562473954
11017,0.27101589458151565
11021,0.3714997799682199
11028,0.3518982770806172
11034,0.3029460271003045
11035,0.2892319365038605
11036,0.29273967739030676
11041,0.3244639930397557
11047,0.36563629858001645
11056,0.3469474769343489
11058,0.30616424084507204
11059,0.31361113610655
11060,0.329788538507972
11064,0.3366782842631454
11066,0.3258486181596101
11069,0.34516557934735925
11071,0.31504655489653444
11072,0.3319488778824502
11077,0.3497273810803104
11080,0.2773683571707853
11092,0.34835947104041265
11097,0.2713060989114467
11098,0.3363768525011715
11114,0.30644954200219865
11121,0.29854370532778035
11124,0.34341021486223083
11131,0.346244863134513
11143,0.33645082206573657
11146,0.30611238296168
11154,0.3894004154841413
11164,0.3519659487572081
11172,0.3490348570732798
11173,0.2964472311328941
11174,0.30508390771296107
11175,0.3404136485380969
11180,0.3124948981005257
11184,0.3332821809325629
11188,0.3137543411734132
11189,0.28919748365847353
11190,0.33123903759415724
11197,0.3082439418648398
11201,0.36078007289442143
11204,0.3329058738494702
11211,0.3531345617234018
11212,0.3663870032998541
11218,0.3022808301293909
11219,0.2955097015160011
11227,0.36287986384092613
11241,0.34019525763312514
11251,0.2623228652082684
11254,0.2734081643731902
11260,0.3023103922595166
11264,0.33315454842311854
11273,0.31876583053925084
11276,0.28517850460799415
11278,0.2914806562156586
11282,0.35641368448205724
11283,0.34492199465163076
11291,0.35289857214737325
11293,0.3540290578891189
11302,0.34633960313911294
11304,0.30928669556000576
11305,0.37388370909371293
11315,0.34103620890403485
11321,0.309363988574854
11325,0.3483634223932768
11335,0.3446232890643037
11341,0.3738700451337247
11343,0.314218887182269
11344,0.37608850911865876
11361,0.3043352763682544
11375,0.3578468040456853
11377,0.3090807522882413
11379,0.34340675902542306
11380,0.35763361031094054
11391,0.3432554230141941
11393,0.3627815394638977
11394,0.34911640239253716
11398,0.33546234158140775
11399,0.34806404756103254
11408,0.3327578072860356
11412,0.351290780980227
11420,0.33145773175817783
11421,0.34767260765499086
11430,0.30276916116916575
11437,0.31788147186342885
11446,0.36308169986377387
11471,0.32829062056766095
11472,0.34853399614541414
11475,0.2959901627465625
11483,0.3331062787097607
11492,0.34927125963757377
11497,0.387388279126599
11498,0.32442654421569944
11502,0.3341513294302382
11504,0.34917231201774196
11511,0.3381922418992054
11512,0.30857357064560054
11514,0.32054578044711957
11522,0.3253055835253273
11524,0.3380378244388702
11533,0.3408668478072868
11534,0.322572191537519
11541,0.3186888520560779
11542,0.34481232218717023
11547,0.27857901646690914
11548,0.28028593849936617
11566,0.34613191058212156
11572,0.33251372239428706
11574,0.33118601011201526
11576,0.32359563282135445
11577,0.3246763537347187
11580,0.28028646301074095
11598,0.30098966670786725
11603,0.3388819542014025
11613,0.32543666228071033
11614,0.3570705081840482
11620,0.3307085487181056
11621,0.2876913603742071
11622,0.3033847595259267
11626,0.3091318512730352
11630,0.33063715768510393
11636,0.32929527398106395
11637,0.31207968276702663
11639,0.3463310997514859
11647,0.3356897253062039
11653,0.34708989749897934
11654,0.2889768429193702
11660,0.33263107301613976
11664,0.3097991770910139
11667,0.37420433574593237
11679,0.31516673585021127
11687,0.3538023827925797
11691,0.2829837548221538
11696,0.3126715141735782
11702,0.3679316586350144
11703,0.312564979462876
11705,0.38418238672051447
11711,0.3415373320307175
11716,0.33948146506361937
11717,0.3655932850669166
11722,0.3073437879701858
11724,0.31938997441488687
11728,0.3488512264576761
11737,0.3031199388904624
11738,0.36450757209772655
11744,0.34887841185969737
11747,0.25489807474927206
11753,0.2963029427789574
11757,0.36873517855003535
11758,0.29361333678331364
11760,0.2901710451096772
11762,0.3155581786643973
11764,0.3242790076421618
11768,0.30103291260685744
11773,0.31446513514639096
11774,0.3410465835444748
11783,0.3133473584993087
11785,0.32888293782228
11787,0.3375681298978835
11791,0.3548775489153433
11796,0.286306748316512
11797,0.3045357459387469
11798,0.2781355923986286
11803,0.25545795666291193
11808,0.3251478309393182
11810,0.3552067263789025
11814,0.34150656984467587
11822,0.32452716174056995
11824,0.2810826229775011
11829,0.30257054057278787
11846,0.3478418842658238
11847,0.3446401775296766
11850,0.3725345760578098
11853,0.27673075165937755
11854,0.31442292471110855
11857,0.33786508188304676
11862,0.3965172451057073
11883,0.26429700314812116
11890,0.3539945301649704
11909,0.28182547048820294
11913,0.32954463113487764
11917,0.35210581515590533
11919,0.32148145559917035
11920,0.2949692059112229
11921,0.3496895814380604
11928,0.28731080203651216
11929,0.3484883812249533
11935,0.27765083676436025
11936,0.28553251920839995
11939,0.2621074701875425
11942,0.29816549680752924
11943,0.33002973438229866
11946,0.33609295203944956
11947,0.33065104981787047
11952,0.300684767809818
11956,0.32747176111712495
11959,0.3679209637767669
11969,0.35235977973378735
11973,0.3454722082766027
11974,0.3090574413400953
11975,0.33299472700472926
11993,0.3445417789416301
11994,0.3567571713239267
11995,0.2920477529166122
12002,0.3288909431702386
12006,0.3067754942636022
12007,0.35813775134835757
12014,0.35318539772116386
12017,0.34819830252526185
12021,0.32320119673047
12023,0.34168990484539336
12024,0.33556851911564023
12027,0.36133018604012884
12034,0.34121726115949697
12040,0.29180258655224656
12048,0.33851482604649147
12052,0.2971779400405369
12057,0.3595497673082046
12058,0.3453313790600573
12061,0.3314879495321872
12062,0.30637066181965716
12064,0.28753583727537896
12071,0.3747452524671191
12080,0.3530125980717381
12085,0.2763244262133232
12090,0.31144497285081224
12100,0.3151373759986229
12103,0.32614965793068706
12104,0.34378336044270813
12109,0.2714100882710684
12114,0.3732193160253372
12123,0.29674353570442186
12124,0.26651757118905034
12128,0.31966459415201764
12132,0.3327259984871581
12135,0.3163929118054135
12140,0.30939990765010306
12149,0.29428920886622556
12155,0.3496760402416423
12158,0.3286292655147489
12161,0.33135017031844155
12163,0.29252610928774947
12164,0.3458200324507582
12174,0.30287626500197856
12175,0.32257483810737764
12179,0.33783427146021283
12183,0.33583773637429243
12184,0.353860514397424
12186,0.3189650911507984
12190,0.32293857227984996
12193,0.3341973961585904
12195,0.26327737080290536
12196,0.2882757194807702
12205,0.34721884349189214
12213,0.3664806948091307
12220,0.339906853672308
12221,0.3440973697005787
12222,0.30193577590035325
12224,0.3520981953936548
12230,0.2966096953352326
12239,0.3205133883597192
12242,0.3244104871846837
12244,0.34099233847359234
12245,0.32516853578824134
12247,0.330123149616842
12254,0.3502824121583784
12258,0.3444262827066217
12266,0.31886451479855193
12267,0.3856558203754772
12272,0.36585834217118945
12273,0.34114992000155964
12276,0.32993380603388667
12277,0.3234661351260032
12283,0.28151226821332964
12289,0.29779057089892597
12297,0.36066656166213557
12300,0.3208701879891825
12302,0.29201026581411965
12310,0.27998279246639574
12312,0.37520692779342935
12314,0.2715872891821248
12315,0.2904991716567936
12327,0.3526508893933561
12329,0.3334452965377677
12332,0.35439089950745756
12342,0.27560236528391413
12346,0.3443438058200602
12347,0.3520939406227095
12349,0.304756762359585
12350,0.33829245664713176
12354,0.3491680635188164
12356,0.2723315774868609
12359,0.3519113998826052
12360,0.3537915084467932
12369,0.30890994029522495
12372,0.3056523367147313
12373,0.25724844096127103
12375,0.40756866966447797
12376,0.3287826414286869
12379,0.3134709662287475
12382,0.32875507003835597
12387,0.3037285000186998
12389,0.3452208045043372
12394,0.3169894153715737
12395,0.33882801973638843
12396,0.3555898653126465
12404,0.3742321148559527
12405,0.3407670125226392
12412,0.3126846224006147
12419,0.3310526401777313
12431,0.32741043511180373
12440,0.34888688996480666
12444,0.372334751326347
12447,0.29741494207333885
12452,0.30654803955341675
12454,0.34225453083238855
12456,0.3314399866539918
12461,0.314242990413937
12469,0.3054128039388608
12472,0.30681663186069796
12473,0.30895459028110506
12474,0.36639150424847466
12476,0.3308803634309772
12479,0.3051415999683075
12481,0.3228710925820034
12487,0.29111168355035116
12493,0.3456538062700598
12501,0.3216161846035599
12504,0.34224587721335803
12507,0.3224246886386178
12510,0.3263286333157733
12512,0.3880234978577791
12520,0.3550315006877394
12526,0.3475569783892012
12529,0.31996775862706334
12532,0.27613121093802134
12533,0.3493866528140672
12544,0.3449494436288503
12546,0.3532607313355772
12551,0.3449205083372019
12555,0.3915654134433457
12576,0.3433659591106115
12581,0.3017311407205366
12588,0.3416192628503033
12593,0.3114585658152692
12594,0.3134084435322985
12598,0.3593558866426895
12599,0.33314762524201086
12601,0.3230184812883207
12610,0.3454500104829238
12622,0.25789497787288546
12624,0.3256796614257902
12625,0.3542759054041757
12629,0.31061654126870447
12632,0.26885696514714685
12634,0.27996574733269086
12635,0.3471285849521249
12638,0.3455383235378496
12640,0.31297788428413464
12641,0.33893993688522417
12643,0.3349323054205532
12644,0.2838399279426217
12647,0.3337793119030602
12651,0.37280988464587783
12657,0.329632926177731
12658,0.32947487633900735
12660,0.35060389858193197
12661,0.3224574422799553
12666,0.33525758864953253
12673,0.33881194704681583
12678,0.36549207403510375
12681,0.32211816058102277
12682,0.3662062717727843
12684,0.2678248169949009
12689,0.35712280044340255
12699,0.33263787643205794
12701,0.3722402021300829
12710,0.31700768004475266
12712,0.34759889425809853
12713,0.32601926521854163
12715,0.32302382945086655
12716,0.32668893211407296
12717,0.33312914047550246
12718,0.3334803433107611
12720,0.294413793307214
12724,0.3315891193940362
12725,0.32464067442904226
12726,0.30932557760677304
12741,0.3117408058929545
12742,0.3361379870133618
12743,0.33631071633040405
12748,0.342229060039726
12749,0.2754913213691097
12751,0.34285010051773235
12752,0.3210049975050711
12756,0.31440861928255026
12760,0.3449016319517995
12761,0.3419587415267084
12764,0.3626426132160714
12767,0.315090636314989
12774,0.38789879012685236
12782,0.27924438324378054
12783,0.35406233652135116
12784,0.3402329282489901
12785,0.3493265526001168
12787,0.2930738585785262
12798,0.30307314861854184
12805,0.3550823234766954
12806,0.30836454609347647
12809,0.332790367070709
12815,0.3152688540648473
12820,0.2880512555016054
12824,0.35385751670587434
12829,0.32694681757094646
12833,0.35240134672251594
12841,0.3842463047701705
12843,0.3359297113917345
12847,0.3254762037368687
12848,0.3562819155556035
12849,0.3199427714403683
12852,0.3517009024193112
12855,0.3150781839275
12864,0.3850041485995178
12872,0.31550844174873854
12873,0.30862380501907327
12874,0.29293351018534186
12877,0.37369894520864766
12879,0.3367334054048498
12885,0.29384937331127947
12893,0.31605905704435766
12894,0.2937136677480423
12895,0.34286266805890375
12901,0.28026739500060555
12912,0.2852107871262102
12919,0.3475871185679464
12924,0.328978061037386
12929,0.32506400816274555
12931,0.3366016078569079
12945,0.3253232066954652
12958,0.2932635988376314
12962,0.3616663258810075
12964,0.35073588928465943
12974,0.37349984062949493
12976,0.26138618657834484
12980,0.3330299135229213
12984,0.36824335502640587
12987,0.31486943325429206
12991,0.3567041493690061
12995,0.35710488329951345
13001,0.3660025086594503
13005,0.39753519290899697
13006,0.30605747636277564
13015,0.34119162150564986
13017,0.34442747298297915
13033,0.2957820858305345
13034,0.3261303200456781
13035,0.32254187492486747
13038,0.3396808778803982
13044,0.31094282582219934
13045,0.3334542325067244
13052,0.32048475807856136
13059,0.34462382123261415
13060,0.29580562258950877
13061,0.3335081061612408
13066,0.3844853871775469
13080,0.3732062823024128
13082,0.3372368357163035
13105,0.3485160264069139
13106,0.349710214093297
13121,0.3594897393474391
13123,0.3651216703969657
13125,0.29517317951037025
13129,0.34151530781939227
13130,0.33774774992261697
13132,0.3380157136642889
13133,0.2990913959015442
13135,0.3943487541868663
13141,0.33769799826555186
13145,0.36729966855109875
13149,0.29222409935246163
13153,0.41500552851365186
13158,0.34532685388598644
13159,0.2971081107840556
13169,0.3412066181369892
13170,0.3323666488705441
13178,0.29927846361667504
13179,0.30698290414215357
13180,0.34886934224122246
13181,0.32713738143214666
13183,0.2772584434747207
13196,0.34205198942978843
13200,0.33366903470648257
13202,0.327320671549307
13204,0.29281957581720247
13208,0.35703589837010846
13212,0.3116310832265027
13213,0.3354347991649421
13218,0.31357108033754005
13225,0.33576904125330326
13229,0.36980715902068506
13232,0.341971617840765
13233,0.3488606922403463
13234,0.3006987925062415
13249,0.32126615519015567
13253,0.3407750809066928
13255,0.341340032027837
13257,0.38209428972406634
13266,0.29399039052285414
13269,0.31345723145128346
13270,0.37063006399185067
13274,0.35962464075309875
13281,0.34246265962754097
13287,0.3452245384401419
13305,0.3466637822026706
13308,0.3044780879035967
13309,0.28782870583720216
13310,0.3357828396802094
13314,0.36390145586687134
13315,0.28018661813482204
13324,0.3445829490255715
13326,0.32998307743192123
13333,0.35420494790517204
13336,0.3316089071474498
13345,0.2673673642588099
13348,0.34978588474574457
13350,0.34497055209772276
13354,0.3563512911691785
13360,0.3518213658826843
13364,0.290816697904414
13366,0.3434885480220098
13368,0.35693760820867476
13375,0.3053401530488562
13376,0.3375586868393232
13380,0.3572784533336113
13382,0.29036911950490096
13384,0.39215337118043314
13387,0.37393715009922435
13390,0.2911771106992721
13398,0.40761857518970224
13403,0.3417676534163349
13404,0.34882161906107534
13405,0.33394595326410287
13409,0.3573191234099822
13411,0.31351040005234104
13414,0.3234065738669824
13416,0.3724445958213249
13417,0.3183227623347148
13418,0.3509276246211138
13422,0.2955835243920169
13430,0.3733189196658838
13435,0.2909094096955455
13439,0.3591999649098496
13446,0.36464630331839376
13448,0.30475971321071155
13449,0.3669195261471571
13451,0.3461511384135594
13455,0.34881874110103933
13468,0.3480099399450953
13470,0.2966934945069763
13474,0.3114864669132608
13478,0.3233610868453616
13485,0.3500269245838031
13488,0.3791522541003961
13489,0.3579885313071208
13500,0.36857636672962424
13505,0.27392550193397863
13506,0.3033352299691483
13517,0.3021089941431286
13518,0.32034984666353483
13523,0.34150574969240766
13529,0.3456635640446095
13532,0.32242950659595393
13534,0.311276361466841
13539,0.3202450202492551
13547,0.3355925059220629
13548,0.3442057925830996
13550,0.358534927403197
13554,0.40151231558624384
13555,0.36737113301179314
13556,0.35288361046464606
13558,0.27646969244881786
13562,0.3492245930414144
13566,0.33885484926122317
13574,0.311141876690487
13576,0.35168135127949096
13577,0.34106813659786483
13580,0.28045286754277066
13586,0.3231189753465704
13598,0.3824849900879597
13600,0.34627292510321095
13602,0.3261714020351962
13604,0.3595164295087797
13616,0.3581363814878234
13623,0.3213417231846167
13627,0.34930502349873416
13630,0.3090474087045943
13633,0.3485192834175813
13635,0.35876830449395203
13636,0.4074938869135594
13640,0.3215252273675549
13642,0.3711994177383963
13647,0.33110826404814797
13648,0.3741340596010062
13652,0.34540310127466817
13659,0.27376752897847845
13660,0.36906939272520717
13666,0.3005411496196724
13667,0.32367541026268676
13672,0.37694947846324717
13673,0.3447263008764524
13675,0.35568462571693493
13678,0.3359689344841908
13682,0.3445357668497238
13684,0.2988895493336443
13689,0.31526462976379827
13690,0.3847793437967195
13696,0.3575556000617102
13706,0.3397226152948798
13710,0.36591239310592155
13711,0.33093394622840505
13712,0.3310372792504208
13717,0.29779031505348585
13718,0.310314413167609
13719,0.33237203705525437
13720,0.3442177234714727
13722,0.3032314294351703
13723,0.3827050612699663
13726,0.3842609834094203
13733,0.3052724455384031
13739,0.36232527126350095
13743,0.3281380161107556
13750,0.3327339973725618
13751,0.34954297289422376
13754,0.3473064966169024
13756,0.32440085115878164
13760,0.33932655855025373
13762,0.3743430591374458
13763,0.3375189939764098
13766,0.2955716886497594
13767,0.3147616254607957
13769,0.3318835495309067
13770,0.3505324581018573
13774,0.408503547036983
13776,0.3569947935046676
13780,0.3150351588225459
13784,0.30133603784366314
13789,0.3565161408700085
13790,0.3418566781116312
13792,0.3203072364076968
13795,0.34425504437260124
13797,0.33801932139955276
13800,0.3045880377518142
13804,0.33757974455773054
13815,0.3703267541937563
13816,0.3447672835535996
13817,0.38820684613641326
13820,0.36028141068192787
13824,0.4046321887317622
13830,0.3891733933953675
13838,0.3766395912821679
13840,0.2815018203434896
13841,0.32348473762060426
13842,0.323634157285128
13843,0.3097529922114893
13849,0.36769523970357904
13852,0.3324774347554097
13855,0.2913703495850035
13858,0.29412816945762993
13863,0.3139749300441308
13871,0.36443853375336216
13872,0.3600631468379015
13873,0.337656932031023
13874,0.3470782434711916
13877,0.3500423993728772
13879,0.32950902855304004
13885,0.3611850186722721
13886,0.33604348688922364
13892,0.30815527076036797
13895,0.2827841420487679
13906,0.3843478599925937
13907,0.3753947283516212
13908,0.29938873961004997
13909,0.36503297296568527
13911,0.3280413642551231
13918,0.31309539202623793
13919,0.34285760985764957
13927,0.3697485368634358
13930,0.320073909484209
13931,0.35365463246630374
13933,0.3116799952338949
13938,0.3333288687739361
13943,0.3317329150700387
13944,0.32021441375992216
13946,0.3162529829651509
13949,0.366551746837043
13952,0.35336113495382093
13957,0.3526431208065815
13958,0.30369834374075744
13965,0.3470964871095742
13970,0.2809205001246143
13972,0.3543870914950865
13981,0.35419512340056025
13983,0.326131957578113
13985,0.3206385876113995
13986,0.3370634786048207
13993,0.3338397522702074
13995,0.3624727055970352
13998,0.35255745919031906
14000,0.32009073090121315
14002,0.27225288570754014
14003,0.34500548990263075
14019,0.38118426414548834
14021,0.3826656062185049
14026,0.3688394490970898
14031,0.29657675025071034
14032,0.3631723447100791
14034,0.32340981591760465
14035,0.35255512049269466
14043,0.3046668147927266
14046,0.33103785191315377
14048,0.37165209280264616
14057,0.35189833182377334
14065,0.41364349171013426
14067,0.34232529417651314
14082,0.28759725011570125
14086,0.3417631182879195
14103,0.3549287559646463
14104,0.37275021487267507
14106,0.3399211375911304
14107,0.34919404531564063
14111,0.29680631305961275
14116,0.3300226387780618
14118,0.33519921682245624
14119,0.35729313146843045
14122,0.3562014371599669
14123,0.3492722266740712
14124,0.3034267575209782
14125,0.3545229512269735
14126,0.3535983324985607
14127,0.37106433256275306
14133,0.3908482298845375
14137,0.34561845708274064
14139,0.3660248842138152
14143,0.32458805314971984
14148,0.3376978020811017
14149,0.3483541580607725
14150,0.30831086542722186
14162,0.2999622493375364
14163,0.36285852601537283
14164,0.3507720018289986
14173,0.35036217259089897
14174,0.36025152221992446
14178,0.3603131849380283
14181,0.32293191550092054
14186,0.3557586786201497
14187,0.3152709553101176
14188,0.3421694780086353
14192,0.32629855590127077
14193,0.3402581472327795
14198,0.367593128507463
14200,0.3683391151173393
14201,0.2965253795426307
14208,0.35236936328516855
14214,0.3678183734672809
14220,0.3754949326392
14224,0.4141948327449489
14229,0.3769672836338319
14233,0.3483155465517262
14241,0.32271088658615166
14242,0.3627157056600212
14246,0.4009044821283142
14247,0.379362807730291
14250,0.2790402329615402
14251,0.3156612923972845
14254,0.3420643678112225
14257,0.277620367179056
14259,0.3377729976396058
14261,0.29442353127764787
14281,0.3623526009504275
14282,0.3574729416907407
14285,0.31848421205273586
14286,0.37823543826617534
14293,0.3350267480085446
14297,0.31163151805505196
14298,0.31052498058709294
14301,0.28186222372541575
14308,0.36028069504327576
14311,0.3930572360575652
14313,0.3703660995476017
14314,0.29358166611190095
14315,0.3219456983213218
14320,0.3604443404825082
14325,0.3066454846488212
14333,0.350783739379578
14336,0.3443187436005661
14338,0.3617352751417801
14354,0.36551883011406894
14359,0.3096344677144927
14361,0.3302354263340743
14362,0.3591146095210443
14363,0.3371733345156345
14369,0.3152627343136595
14370,0.3467590862821551
14376,0.31686256638182614
14382,0.3625448159995732
14387,0.3535295122047516
14389,0.3982173332788251
14390,0.3364428195671728
14392,0.3459969663181306
14393,0.3227311593961988
14396,0.3571494338268773
14407,0.3501885232665271
14412,0.3557691414123726
14413,0.3439147603386924
14414,0.2798235068305781
14416,0.3636936646255208
14417,0.36670181667524193
14423,0.33683305183696644
14427,0.37088013161439176
14430,0.3399966656579556
14433,0.34603375939548253
14434,0.3515404670004395
14435,0.371892546894864
14436,0.37255122152803744
14438,0.3169154586421377
14439,0.3472881372546492
14442,0.3156146242412553
14444,0.3327018260439379
14446,0.3456880950614647
14449,0.3217573080956409
14451,0.34994631170611346
14459,0.3451357218927719
14464,0.3337629726055409
14467,0.39276042096202884
14469,0.3617469076996589
14470,0.3391596987206567
14471,0.31154182563662647
14476,0.3252803200436554
14477,0.33288862475427144
14479,0.2772740814407919
14480,0.4213709569196929
14481,0.26481627011730985
14485,0.35472136627448553
14486,0.36102547688746217
14493,0.35473385404641145
14504,0.29962869403139636
14508,0.37011429202519947
14509,0.2620413235360523
14516,0.3608278901240808
14520,0.34519873140017177
14522,0.3428239059753979
14523,0.38679542619261564
14529,0.3143381047859789
14532,0.3328316527070544
14537,0.29662952173777574
14540,0.35042904122892116
14541,0.314198148008592
14544,0.3410864421762595
14548,0.35511326824114325
14550,0.3129906571954571
14554,0.2976920681810732
14555,0.3107128680775164
14564,0.29509956166589024
14571,0.2954641437763595
14572,0.35640364498204097
14576,0.3240752484136048
14580,0.2839459121777663
14581,0.34276877963160435
14582,0.3323578906992546
14583,0.3064908031673444
14586,0.35183683577598607
14591,0.33853671028708754
14593,0.3494891664329497
14594,0.3555243555614698
14601,0.38058952005654434
14602,0.3156993848652777
14604,0.32930544180346943
14610,0.37025970132757313
14620,0.27947773447634994
14622,0.3640154098322381
14628,0.3068016872392746
14629,0.371738052553014
14630,0.37978806697755
14632,0.3674182196180951
14634,0.36193924217592055
14646,0.33421950840110065
14648,0.382838469170326
14651,0.34545915243496084
14658,0.34229857947287995
14661,0.3157600510425882
14666,0.31310095893230894
14672,0.39729247341920815
14673,0.37272837299326544
14680,0.37602027482606126
14685,0.26477199429308107
14688,0.3384817829516839
14694,0.34989409423601264
14695,0.35746779711611326
14702,0.3305117994738277
14705,0.3262401059876713
14706,0.3586893928977628
14707,0.31905582072123545
14711,0.3281634231748082
14713,0.28618645004632565
14714,0.36286336768658134
14717,0.35185897810364486
14722,0.3602896979481064
14726,0.3910988280918664
14735,0.31991567176834224
14736,0.3474784628949518
14742,0.3772065302874421
14744,0.3285230145736955
14746,0.3666434078593147
14748,0.3613479176064533
14751,0.31932224444817237
14753,0.3948987430566985
14754,0.36183795189790474
14759,0.34016629331356163
14764,0.31064104046186275
14766,0.3209705687743834
14767,0.33528922448541
14768,0.37007744023043737
14770,0.3261124422517926
14773,0.37415650275468276
14777,0.3420588658894296
14778,0.3577262014193058
14779,0.3308721125660642
14782,0.3108439635469011
14783,0.3398645302514558
14784,0.3862491499758467
14793,0.3084034617492484
14795,0.3210035207311442
14797,0.33834263714588425
14800,0.28840052442008124
14802,0.35763846005216443
14803,0.3147713306274249
14805,0.32356796538509097
14808,0.3566807248077004
14809,0.31247870136715444
14812,0.37844290024334587
14813,0.35609386487433836
14814,0.36739509333576614
14818,0.3118474618632719
14819,0.32864240874115525
14820,0.3170534694967432
14821,0.3244206157613877
14822,0.31668228098508866
14826,0.3617977868525397
14827,0.32131444220270117
14831,0.3668441187125693
14832,0.3219670347870256
14839,0.35492741445058085
14842,0.35309369124261303
14848,0.354856480408708
14849,0.26572006043011454
14855,0.3380451633862599
14856,0.372043293578305
14865,0.30683930517614233
14866,0.31006854891407215
14869,0.308855581820691
14873,0.3425414236298392
14877,0.3671833590852064
14881,0.31705960687523976
14882,0.4026063312037209
14883,0.3610574621064425
14885,0.34530072061156614
14889,0.36882248774165827
14890,0.328266481850703
14892,0.32299436519617214
14893,0.2730565572765326
14894,0.2967259305421942
14897,0.3275668139061085
14901,0.32761525309075745
14904,0.30626250008675915
14908,0.38774130624912373
14914,0.3298188702672722
14916,0.33193570647135995
14917,0.30110005407752033
14918,0.3459342900537989
14923,0.33814499966700406
14927,0.36051437858171936
14929,0.36218646316469505
14931,0.3464305554554925
14935,0.3672600715737431
14948,0.36997053198169233
14950,0.3906933132624236
14951,0.3406135535837794
14952,0.2706012786840638
14954,0.3529614646345977
14960,0.3262517734416486
14962,0.30344279263472546
14970,0.36039398577959014
14973,0.3487900475553366
14976,0.3673687623015952
14978,0.344166355859183
14982,0.3342429414493156
14985,0.30742626461382705
14986,0.36543755434584235
14987,0.3364898964286794
14988,0.3668064862428482
14991,0.35622395181741096
14997,0.357233945257441
14998,0.33774888044813683
14999,0.36045333997134277
15000,0.34565510777015634
15005,0.3380878533075712
15006,0.35525719524595867
15009,0.2947177621847283
15015,0.36359914512511743
15018,0.36977632102842517
15029,0.3601150762857852
15037,0.3856982020409675
15041,0.36916065202469917
15042,0.3467247085540987
15047,0.32156268392426246
15050,0.39385040922362524
15053,0.4011255608751413
15056,0.4043272530913248
15057,0.37753991663338854
15058,0.32347118652106444
15060,0.33301003164991777
15062,0.362354163406727
15066,0.3207592508944898
15067,0.3459560114249281
15068,0.3227259296722257
15069,0.2984909040358702
15072,0.3592478692169818
15077,0.3503806364702461
15089,0.3227970045789513
15093,0.3393238165208942
15099,0.34309525346767256
15101,0.37890024337885403
15103,0.3586188870108127
15104,0.3267970154494465
15105,0.35152790640593967
15108,0.33095451644664386
15109,0.38413935623502915
15112,0.32559198819256374
15114,0.3452475086666316
15117,0.28975902152847177
15122,0.32029219346737103
15130,0.2827441961726222
15132,0.3283855176842239
15133,0.3407429260563782
15134,0.32120092202982825
15136,0.36953368351518495
15137,0.4198769831922392
15142,0.2964729367731268
15145,0.3235804238558381
15146,0.306986530285176
15147,0.3677179916313225
15150,0.3399348420108906
15163,0.34820487019636787
15165,0.28893960610636493
15167,0.3111303189149804
15168,0.27528656217057723
15173,0.2886039534026246
15181,0.3642379832260624
15183,0.3149810421274815
15185,0.3549128806918407
15186,0.3051375472544904
15189,0.3342808171262004
15190,0.32795195097234814
15191,0.29697162229362484
15193,0.3710150286386765
15196,0.367074019397209
15199,0.32705971853054505
15200,0.33797391899588747
15201,0.3206228714612288
15204,0.37280578015501875
15207,0.2851455556586605
15209,0.3598031052454197
15212,0.31432488597137737
15213,0.34650921903679377
15214,0.31776380107837177
15215,0.34586706760515634
15216,0.3632082578226964
15222,0.34759010336598317
15223,0.28320508195812255
15231,0.3588727995673722
15236,0.3716215333524507
15240,0.4180330274386751
15241,0.34689733752741136
15242,0.3506748515438632
15243,0.3722352812551823
15247,0.36392553750560247
15250,0.3658098023264217
15253,0.3601871960315034
15254,0.36209914948357524
15255,0.353186792482181
15260,0.33963649052787054
15265,0.32673693718384167
15275,0.3617405923412203
15280,0.3428775267018509
15281,0.3688401530009974
15282,0.322114432896937
15283,0.3982822166296748
15284,0.38008852135296656
15292,0.34214934250157164
15293,0.3658705619718737
15300,0.38436258985284055
15301,0.37601455611215084
15302,0.370480332763976
15303,0.3618539966883296
15306,0.34174726114645515
15311,0.36617225813201587
15313,0.38094369246661774
15320,0.35465865430833865
15322,0.28682124463087577
15324,0.3511765856392587
15327,0.3603814993804444
15329,0.3622868861523814
15340,0.3639058303802164
15349,0.3657657403209767
15355,0.3368646275588717
15356,0.3539707664151339
15359,0.3921707657516401
15360,0.3690899242948325
15361,0.32763734848662435
15364,0.35091310535424364
15367,0.3035129749263764
15368,0.3976183713215348
15372,0.3692768413691186
15374,0.3155060939251612
15377,0.3069293831515476
15383,0.3358314913589706
15386,0.2893418592390977
15391,0.37397430698044887
15394,0.3135445567700967
15395,0.3231452183277026
15396,0.3251962038495809
15397,0.3571282125757692
15400,0.36529252013138896
15404,0.3522262580291795
15408,0.33903404881447635
15409,0.32291414763046905
15411,0.3716180460940988
15414,0.30296016885133176
15416,0.31176895566629914
15421,0.33749448370934
15423,0.3364679457751108
15425,0.3181109299422065
15426,0.36374676243503357
15428,0.34692663049356626
15429,0.3483875896893689
15437,0.36985042652052563
15438,0.30276119500432563
15449,0.33187817182062235
15456,0.37488151590057095
15459,0.32485099784932703
15460,0.35005584753886926
15465,0.3025650121133835
15466,0.3818720587602927
15468,0.30907432442728716
15469,0.3300128974807282
15470,0.36981737174913576
15473,0.29043043905372484
15474,0.41260437579652154
15484,0.35073084747963307
15486,0.3011458728410846
15488,0.3419843314784391
15489,0.2540268590728431
15493,0.3482198098782118
15494,0.33700782257623263
15511,0.26367874313884276
15512,0.3665718366865798
15517,0.3937849855011367
15518,0.33776592045125786
15522,0.3063161872267768
15524,0.3392251089229991
15526,0.3277995359885819
15527,0.384673893439044
15528,0.3128323538327908
15534,0.3590392422319141
15537,0.3100401050877594
15538,0.35398179360670384
15541,0.2716584464911992
15544,0.37891407232778496
15545,0.3507879638629727
15546,0.33185834094684663
15547,0.3245817887855178
15548,0.37673640770252725
15549,0.385924195960744
15550,0.34378553245274984
15551,0.2976657950770582
15552,0.3154632098558682
15553,0.389050303158917
15562,0.35205496964884814
15563,0.3745717563543247
15564,0.41388702252548215
15567,0.3685296956103049
15568,0.3538419354103474
15569,0.29055383774210336
15573,0.2929836505278795
15574,0.3988294796268837
15579,0.35123465204237164
15581,0.27673589233427826
15582,0.40551862487618345
15586,0.3381240893340208
15589,0.34828163588564987
15591,0.3419706598882216
15594,0.3350260123081414
15596,0.4067785168933655
15598,0.3116066440056522
15600,0.3696384994491785
15603,0.37048223580054807
15617,0.29762746514388144
15619,0.33316295893768866
15625,0.33536710945281856
15633,0.29728716786283416
15636,0.3502440963429138
15637,0.38498063975529484
15640,0.3565833280120295
15641,0.3445300215471153
15642,0.3150397467822029
15643,0.32384067847763554
15650,0.3653300975722936
15653,0.3131483084404656
15655,0.3034895573633001
15661,0.33565547098056114
15663,0.35536843333926393
15665,0.2914224789074107
15667,0.38047089785367216
15671,0.2922754123685843
15673,0.3750255781748507
15676,0.2852704120998909
15679,0.32489810399764485
15684,0.3355355878671864
15685,0.26510868727700765
15690,0.3594652140193838
15695,0.3608394507333268
15699,0.3759570783008591
15701,0.32147822695537664
15705,0.3585534567109026
15709,0.30613975882388816
15717,0.3578495546689523
15718,0.42199816482479846
15724,0.35566127184287455
15725,0.3029880039580939
15728,0.2734333599929551
15729,0.3377190587809682
15731,0.3483326482311258
15732,0.35037880269197663
15733,0.3893306703460365
15739,0.39270185676887465
15742,0.29694743888822217
15743,0.306664742031297
15744,0.34698775699005635
15745,0.30318706105450827
15748,0.2791831591956222
15751,0.33348996018933774
15752,0.36569010926976114
15760,0.30709553445268517
15761,0.28045648889529723
15764,0.30556362422551464
15766,0.3256343252713216
15770,0.3106096170990164
15773,0.3141455122854263
15777,0.36637645985512945
15778,0.39287250815330876
15780,0.31881894281067663
15782,0.3903005729774306
15783,0.34941351075506794
15785,0.38327395221894056
15787,0.326761823839685
15788,0.3335550278336281
15793,0.32582847547453964
15795,0.37282641025347196
15798,0.3234203431363376
15801,0.3525708883037349
15809,0.35346715647829463
15810,0.3904792466951108
15814,0.3560817003831655
15833,0.3667563014300744
15835,0.368110628417188
15837,0.31851079198592896
15841,0.3213714372612873
15842,0.2930402835158117
15845,0.3854108241456978
15849,0.31192310321531247
15850,0.31826318363314443
15851,0.2993565019879377
15853,0.3800019325883681
15854,0.3985287583567294
15857,0.3012262368902244
15861,0.3451776673381716
15868,0.3272469862928523
15871,0.3204455865966398
15873,0.3473663159172861
15876,0.351258329907565
15883,0.3155071656521089
15884,0.307826799610122
15887,0.33638171283390855
15888,0.3561725509299225
15890,0.32608714302994135
15891,0.37463980674472397
15892,0.32809684843467674
15893,0.3443447118694744
15897,0.3374577307192654
15898,0.38403864572797186
15902,0.3638716203768271
15903,0.32212527439138944
15905,0.39999606108532415
15910,0.36148446081545477
15911,0.36466433735357096
15912,0.3336424209969628
15916,0.30694985670631214
15917,0.2901553829294411
15924,0.34109745527346536
15930,0.33051665432469246
15932,0.3499579528980563
15937,0.3649298810850363
15940,0.41707883597457696
15942,0.3568926677801382
15943,0.38745648545017064
15946,0.36888550507113954
15948,0.32002408184790876
15949,0.30891534253499126
15952,0.30888900044702583
15954,0.26860081092767474
15956,0.34704493815695797
15957,0.3053760861116446
15960,0.3036121015916936
15962,0.36176066627898107
15965,0.33317134391625264
15968,0.3674477551616754
15969,0.36870896096554306
15975,0.3208268119116871
15977,0.3821403310694699
15982,0.36003627960081125
15988,0.33076091255558043
15990,0.3050687758681612
15991,0.30036942078701867
15992,0.2943729490661194
15993,0.3395083877032339
15997,0.35138044493477727
16003,0.31693605690796806
16009,0.3622661162525783
16014,0.35248961890380837
16015,0.3488613764488332
16016,0.29691433222326474
16019,0.37804685726514586
16026,0.3520678979750615
16029,0.3719576541860035
16030,0.3014251381042979
16031,0.33626526762692016
16032,0.35481900464273164
16037,0.2851218816247036
16045,0.41675309508072234
16049,0.36823645100758146
16051,0.3693241002514329
16055,0.3731591126563386
16061,0.3577156409383309
16064,0.39358180924510455
16065,0.3008931811474802
16076,0.4020959178784908
16078,0.3909623754976654
16085,0.358834698087377
16087,0.28008776984341005
16088,0.31500098495825635
16091,0.316956656821497
16092,0.3411220469916858
16093,0.3564608111957045
16095,0.34983648223723346
16101,0.35413354711904743
16102,0.35726667903213016
16110,0.3634503901959659
16111,0.3706160721215586
16113,0.37063459786366004
16118,0.32606550921180455
16121,0.2866226494366658
16123,0.37976120519342527
16127,0.386445164320805
16129,0.2849717172988108
16130,0.37485495487334775
16133,0.35623663611176737
16135,0.3390478334325181
16136,0.3690741942716314
16137,0.3295236630191476
16138,0.3030096288677969
16140,0.3605948885548497
16141,0.32884228979186075
16142,0.34797537226907954
16145,0.3728518857867699
16147,0.3234685215266367
16148,0.346477508582464
16149,0.3613670175115005
16163,0.3678961762433693
16166,0.28844957030512347
16169,0.36169621593823914
16172,0.32011896749222346
16173,0.3761003132386764
16176,0.42317016695943804
16177,0.32086624318058315
16179,0.3542279912266898
16181,0.2898584545210428
16182,0.37167890833508205
16197,0.39609112681002784
16198,0.36397493364993977
16199,0.4053510930711236
16203,0.3661328964269377
16204,0.32053600830226836
16218,0.30747977341071914
16219,0.37171515224811336
16226,0.3847213865000735
16227,0.35435354191787233
16228,0.39215464473564954
16229,0.4144885627166769
16230,0.3509854116266237
16235,0.35924581714902454
16237,0.33266518789945165
16240,0.2947862587612706
16242,0.38402450654432085
16246,0.3752417207401181
16247,0.3083942470713906
16248,0.3556161289978135
16254,0.3639815072898803
16256,0.3679090404550668
16258,0.3989964405195975
16260,0.3290846992610167
16266,0.3013463978477479
16270,0.3888674232931376
16271,0.3589420140542885
16272,0.35259217412249527
16274,0.34197584297141326
16275,0.3551738668486522
16276,0.31282242467657484
16277,0.31337234889863796
16278,0.3175094824959647
16279,0.37943338120589
16280,0.3701269944562529
16284,0.3286937455854091
16286,0.3509672825905591
16288,0.3096530129074498
16293,0.3326234858827148
16299,0.3794573420302156
16300,0.3641503477273301
16307,0.35769028287562227
16314,0.3624092827025795
16315,0.35042607459738456
16319,0.36494566713322385
16320,0.3914592549046346
16321,0.35988895499038326
16325,0.2563019116978327
16329,0.2898398183456527
16333,0.3116210740539789
16335,0.35519546408326397
16336,0.3480333920470445
16342,0.37250419389774436
16343,0.37627073652534954
16346,0.37981838676357016
16347,0.3405255815478706
16348,0.3745258921125501
16350,0.30729672969698574
16352,0.30865815696298426
16354,0.38174109218054836
16356,0.3417417376691943
16357,0.4237058383325405
16358,0.3201934950053371
16362,0.4108239931696186
16364,0.33644154910412044
16367,0.35092874318726675
16371,0.32808850412198387
16374,0.4196729766168479
16376,0.29952786329800396
16377,0.3677983603494751
16378,0.37324734438113333
16381,0.34912290163153825
16384,0.33001047042203313
16386,0.32303426954288744
16388,0.31901245449528304
16391,0.36815379265297565
16394,0.34738435948709345
16397,0.3247622460135986
16398,0.37953306834366124
16400,0.3615579459997388
16404,0.3917607628647704
16409,0.36560968647258696
16411,0.35989736277010154
16418,0.3365221999549545
16420,0.37353996095013586
16421,0.4206455948633135
16425,0.32602597816771933
16426,0.3446837024028825
16429,0.3389401905000362
16430,0.30287451948974514
16431,0.28968338489084533
16437,0.3141517196362167
16438,0.2612593881696132
16439,0.36815997561109576
16440,0.292805524400387
16441,0.36276177138420757
16451,0.2921971063467944
16461,0.34301132215760394
16464,0.3789830920297037
16466,0.3584996047632235
16467,0.33302891678615487
16468,0.3099842690075424
16469,0.3377166189048129
16470,0.33351977116453585
16483,0.3222838815859956
16488,0.3490295819154251
16490,0.3121706424809825
16496,0.42135733620287036
16502,0.32705357105828786
16511,0.3114048147458315
16512,0.36156990644956094
16513,0.3870999813895749
16514,0.29953669230178
16515,0.2800352059567502
16517,0.3176370851382544
16520,0.29526789254220953
16525,0.39139195151382156
16529,0.35202800424718317
16532,0.39387561387216574
16536,0.3923358669411646
16540,0.3028093030854971
16542,0.34069060116318844
16548,0.3641869786046409
16549,0.32618799428852213
16551,0.37823946217524607
16552,0.3458470110782266
16557,0.3313741901636819
16558,0.3469986375005061
16559,0.38370814906889145
16561,0.3711509040948827
16562,0.3107502466307665
16564,0.3998493782840164
16566,0.30002259516971286
16572,0.34767768965774176
16573,0.3669281231639042
16574,0.33449756243663337
16575,0.30290614661519416
16579,0.3768782327221094
16582,0.34263999379207954
16584,0.3770971154887038
16586,0.3421191058113333
16588,0.344681560101398
16595,0.3614240000718817
16597,0.3187521649209318
16600,0.355084413588828
16601,0.3757570596810669
16606,0.38097069988514976
16608,0.2930515440664703
16611,0.39635674908180807
16613,0.36745712479593556
16619,0.3485260651734071
16622,0.3127942089419172
16624,0.37943271312875654
16626,0.3806743126442431
16628,0.35712993491590034
16630,0.3561589083865724
16631,0.2766051177354681
16634,0.3244599946286064
16638,0.36713033168698556
16643,0.29673739270114224
16645,0.336248486823264
16649,0.34483369205975023
16651,0.3585566455978008
16652,0.354497150385606
16653,0.35220092894905153
16669,0.3447360267579501
16672,0.4033382663873265
16677,0.4189678735050156
16679,0.3564004180930268
16680,0.4162378870732142
16681,0.31887687943974913
16684,0.34543900835302055
16685,0.35217682075316753
16686,0.3125458399244144
16689,0.3304386445890254
16690,0.2905341105668434
16692,0.3660881083430097
16693,0.3214027463893645
16696,0.27838596042698527
16703,0.35150704175757874
16704,0.2949425164656001
16707,0.33283617180766834
16711,0.3533473472667303
16713,0.3327891765511149
16714,0.37591118076704944
16716,0.35750962278953763
16717,0.33457133218164725
16718,0.3348245521576439
16720,0.329638002538565
16723,0.36388526986165015
16724,0.3868827477173858
16728,0.39611492697322337
16730,0.3336865259288533
16743,0.3691112001362133
16744,0.26282301943989794
16748,0.31240706293107756
16750,0.3507571477197241
16752,0.34003837549012084
16753,0.35801358488003526
16755,0.3138655024252379
16756,0.3095878637445387
16760,0.38646077362574055
16764,0.2700427573142663
16771,0.3527200531887741
16772,0.3212769951315805
16776,0.3721928813507718
16777,0.3290425788951332
16780,0.3546222425385095
16781,0.3616444903167
16788,0.37418970745888797
16792,0.3270156716375648
16794,0.3816000095774933
16795,0.2954103926952394
16796,0.32351713686352956
16798,0.32876009356430075
16801,0.3291503486742637
16802,0.33261235916974585
16803,0.32007100634827446
16815,0.38746545417991674
16816,0.3598747809292062
16818,0.35281823658899114
16819,0.32404205524967655
16824,0.3459866878278439
16829,0.36822903428643255
16833,0.3679322712734413
16834,0.3725152098705032
16846,0.3786810091406741
16847,0.3689601045843641
16848,0.3762668391753904
16852,0.34259544146385057
16853,0.37236742818485824
16857,0.3470925454901474
16858,0.39090145718369995
16861,0.35724570544630196
16862,0.34862429831140407
16867,0.34500151500453113
16869,0.365245875428249
16870,0.3721254691589688
16872,0.36151373699352124
16877,0.32055305581228327
16883,0.33353642304246417
16890,0.3384012987142189
16893,0.3007563173938326
16894,0.3058742887574683
16897,0.334416937673226
16901,0.3826679575119423
16902,0.2982642715096462
16906,0.2936959821935929
16910,0.31134167370206645
16911,0.32318087031661624
16921,0.36594430680752216
16926,0.3820619231930976
16928,0.38372441408044544
16932,0.34218450400468403
16933,0.37570863530354337
16935,0.3639427504733102
16943,0.38158856001271224
16947,0.31097005580852644
16948,0.375492168348136
16949,0.3051242177887164
16953,0.37619650148591266
16954,0.3549615518580235
16956,0.3377205320010383
16958,0.28603989453294093
16962,0.3569525440793036
16969,0.29115717508271516
16970,0.3098495871140277
16979,0.35056848744392477
16981,0.3466215202110079
16983,0.32408830959965357
16984,0.3744598404780799
16985,0.3009898650122401
16987,0.3784750092765973
16989,0.3610253445491888
16990,0.34620362409308003
16992,0.3471913878675194
16995,0.35568921712918117
16997,0.3214720582816986
17000,0.3604089294343496
17002,0.36274528645844206
17003,0.3726921056144162
17006,0.38158768928928966
17007,0.3452131235342561
17008,0.27396908120417546
17014,0.3592290568108878
17015,0.30998497565979827
17018,0.3895407863246781
17020,0.33830461926219946
17024,0.34037887431084735
17026,0.3564378085322589
17028,0.37139689138981025
17035,0.3538584562935579
17038,0.31505872395653917
17041,0.3938967971154287
17046,0.36154351761428916
17052,0.28354062314851913
17053,0.33080573635123456
17056,0.2937812371546953
17063,0.3560950240613239
17068,0.3331665529869097
17073,0.3426405356193427
17077,0.3770819410122047
17078,0.36481185079549133
17081,0.3420822276023092
17083,0.36495401933975014
17085,0.3294044073553045
17086,0.376945149376585
17087,0.35603705793210383
17088,0.3720039756687663
17090,0.3143248848601854
17093,0.3144956820472517
17094,0.3017291928925446
17095,0.33498513738863184
17096,0.29909555670637616
17099,0.3556808060790481
17101,0.3642225236790454
17102,0.3275712719414533
17104,0.37627257470061753
17105,0.35717767935359385
17115,0.36034787137836305
17116,0.36927639423615644
17122,0.3845103254685255
17123,0.3510123322067369
17127,0.37742576775493014
17128,0.3179015587942836
17131,0.3415038722984428
17136,0.2740854201467725
17140,0.29414329844496817
17141,0.32672926853972273
17146,0.3333217951704086
17147,0.3262960034449716
17149,0.3911225488443759
17155,0.34137642563641235
17158,0.4004255671827303
17159,0.3687372900366636
17163,0.3650123408092984
17164,0.35192172592330195
17165,0.29580657716394426
17169,0.3565134092002342
17170,0.32250716214094666
17171,0.3754516333662445
17172,0.33077428465054354
17175,0.36646081112382134
17177,0.3400400182978846
17181,0.30897850023523143
17183,0.2721375607720796
17188,0.33450642579550505
17189,0.3082990814122052
17191,0.3571373772628345
17192,0.33421592700840347
17194,0.3615128591636384
17210,0.3874241337482339
17212,0.3739948801681343
17219,0.3570510812658388
17220,0.2902186851173008
17225,0.3513887407185556
17227,0.37475674460989394
17228,0.3036682618955444
17229,0.31781283171495944
17231,0.3279733051786904
17232,0.31974908981298084
17233,0.2709563394427556
17237,0.3505781994334315
17240,0.3451952910830417
17241,0.38005323072249503
17243,0.30762046590087444
17246,0.4249726608602082
17247,0.3558280344059507
17251,0.3592867580921524
17253,0.3577996951285358
17254,0.3224417359405968
17256,0.2949408898747946
17257,0.36726307544406783
17262,0.35902264913632354
17267,0.33440944780191445
17268,0.3273317146570508
17269,0.3615797810070095
17270,0.41667681135541246
17275,0.43120277078577174
17276,0.3258447980059124
17277,0.3214049338697068
17279,0.37231049949114786
17283,0.3768312609253354
17287,0.355937069150594
17288,0.3137545526669536
17294,0.37110258577801636
17295,0.2864209760950154
17298,0.3937847037680241
17300,0.34516581711889305
17302,0.31006456744774813
17303,0.37984563081090206
17305,0.33309238301226496
17307,0.29563543374633766
17310,0.29569900845861224
17312,0.3487304870007882
17316,0.3876311970206298
17317,0.33092776320734163
17318,0.3107136817476297
17320,0.30018242751972113
17323,0.3665109569816062
17324,0.3420740085711149
17328,0.3285518806839388
17332,0.33801097050130563
17333,0.35918261069971363
17335,0.2997176174781636
17338,0.36368134362017596
17340,0.36419590188849055
17344,0.3217645211193515
17345,0.3416859646210797
17349,0.37532433011957556
17351,0.35866531295887
17352,0.31220150491326865
17354,0.309548900511441
17356,0.3090996989646588
17357,0.3833035032964687
17361,0.34270140763644596
17362,0.35000524037835057
17363,0.35545752532220687
17366,0.33308046976790345
17367,0.3012888858762455
17369,0.31512969222919707
17371,0.3225765640961019
17373,0.37298237980259163
17378,0.3165262813077812
17380,0.3789967052586021
17382,0.33838163254440573
17383,0.291134951931409
17387,0.34273869162661585
17389,0.3565154002364589
17391,0.28582599949062937
17398,0.3576524604535786
17402,0.3264773244933644
17405,0.3762367484689734
17407,0.295502306218589
17409,0.3350067513449481
17411,0.36677122989922506
17412,0.346283856728613
17413,0.33152528517708474
17415,0.3684155665531295
17420,0.3207110995658969
17421,0.35028531049346945
17422,0.3338105418818079
17428,0.35918076323137643
17430,0.3223850572368636
17433,0.37054764770562637
17435,0.30392556074018123
17438,0.3568453321152125
17440,0.30185018396632163
17442,0.3799424432631389
17444,0.3601408264078917
17448,0.35213500887316823
17449,0.37859617852611227
17462,0.3704864059746678
17464,0.3575709807784257
17466,0.3274333419465953
17468,0.406592183221714
17469,0.3582064411006039
17472,0.3493155303577602
17473,0.31473093452706935
17475,0.3536032681057155
17479,0.26842700957263893
17481,0.3210210247891341
17482,0.36140176317746053
17485,0.3076806959588194
17486,0.41861511978776267
17488,0.37235853936578156
17489,0.258084820024886
17490,0.30917777294987847
17491,0.3364811140030041
17492,0.3432446165427748
17494,0.30250440859043737
17497,0.3972282675696131
17500,0.37037669886584224
17506,0.37224819806778203
17507,0.3607133160433769
17508,0.39328989205149456
17510,0.3749689515071874
17512,0.3554448891169748
17513,0.37187566435207153
17515,0.35922044425616506
17520,0.3679068789367139
17521,0.3681210550683672
17522,0.3783301805931574
17523,0.3070998096254512
17524,0.3680167572294438
17530,0.35501184082518444
17535,0.32895399509313095
17536,0.27808416391829344
17545,0.4066726112558207
17548,0.36184670557499243
17549,0.33617997500136876
17553,0.3789620779959742
17555,0.3863744951259626
17557,0.31242218438730496
17558,0.37573621682992847
17559,0.37052014349313117
17562,0.3181459256858713
17564,0.27533382893757596
17565,0.34294713890862044
17566,0.308489107122458
17567,0.39788574447965785
17568,0.31869906267172554
17569,0.3279169609758838
17572,0.3029500056050623
17573,0.3772957706347999
17575,0.3430139258934135
17577,0.37339717023646085
17578,0.3603074759607499
17580,0.31197602701055593
17581,0.3064697523359863
17585,0.3510531158118052
17586,0.2954136131627882
17591,0.32599131833805994
17594,0.40043378431300447
17596,0.3515253728850228
17599,0.3362600927440056
17602,0.3761276819518786
17603,0.3732924571825522
17606,0.29522934092466785
17614,0.38909984736378944
17621,0.40728364956943863
17624,0.38418485713286893
17626,0.3476922574262593
17628,0.29018801404701405
17629,0.434871567974921
17630,0.3149294907820415
17631,0.3746826095700144
17633,0.3428203114935227
17636,0.40451523522315164
17641,0.36912741724970544
17642,0.3633337849584946
17645,0.3457083417914038
17646,0.35859111856134235
17650,0.36561033783525587
17655,0.4175771243150102
17659,0.364060079928899
17660,0.33515012761698626
17662,0.34178750102344985
17664,0.3364394067353826
17671,0.28529792651170255
17673,0.35846802766295205
17676,0.37001405021736017
17679,0.37981050357551993
17685,0.336543849032071
17705,0.3888291470246944
17708,0.3437094380799595
17711,0.3474129246350244
17714,0.37404726849723996
17715,0.32429605916133564
17721,0.348822895803522
17724,0.4052187075892687
17726,0.37101035668053844
17728,0.3773354317513645
17730,0.41676196801898485
17732,0.3214904668013103
17735,0.3805190719551686
17737,0.3323027713764538
17738,0.33431979667971345
17739,0.33071989640513366
17747,0.359422237991071
17749,0.29276179251872747
17752,0.3134534179779843
17753,0.377765347014767
17756,0.33099201430659514
17758,0.35824994114276587
17760,0.3747056492949077
17762,0.32557806421083296
17763,0.34648607840182866
17769,0.33939922516392323
17775,0.35611183554496584
17776,0.3016218419206222
17781,0.4037318941258192
17782,0.34906557968744584
17783,0.2783667128939455
17784,0.35896262256741623
17785,0.3663889263138433
17798,0.3160228514871325
17799,0.35603993219182173
17800,0.38229266441908927
17803,0.35868627307151063
17804,0.2977856212701388
17805,0.3511791547930803
17808,0.41978768574714426
17817,0.3783590703474604
17823,0.3014653233915054
17824,0.37671297242194146
17825,0.38801128885375025
17827,0.3150039800365939
17828,0.3853297840493758
17831,0.3325923252701111
17834,0.40877608840388335
17835,0.3648591247748685
17837,0.3623571382453128
17838,0.3585104869434499
17839,0.3439145291375113
17843,0.3603001724748506
17846,0.4066219277574815
17847,0.37908265333516233
17848,0.29152070776150596
17853,0.29347433356110453
17856,0.3671455515728821
17859,0.2875246402854799
17863,0.32459332948425623
17868,0.3286935363348291
17869,0.35220414904640746
17870,0.30398915115609937
17875,0.30955340668549114
17876,0.38546717045401124
17877,0.348632571964383
17879,0.3696575080461656
17884,0.39136866406433346
17885,0.3186051301584971
17886,0.29774255034402264
17890,0.37189393270852467
17897,0.3249016457282662
17900,0.30055913966804004
17902,0.3468293745295393
17903,0.38124449041241065
17908,0.37199697774595086
17914,0.3956158948150586
17915,0.3309503662196442
17916,0.2961631086756709
17920,0.368654180406393
17921,0.37040401625728653
17924,0.3695887394182137
17925,0.3575586013871497
17926,0.348659433780795
17928,0.35331326076960007
17930,0.3093122896628314
17932,0.3683020210732418
17933,0.38294796751077265
17939,0.3981703682520985
17941,0.39281026668166763
17943,0.4187794941399375
17947,0.2925059353326498
17948,0.30624908459118977
17950,0.35761308709640616
17956,0.34474265623076755
17959,0.3687560530101185
17970,0.38025562789823375
17973,0.3676522790287362
17974,0.3563204291493795
17975,0.3369259395023179
17976,0.3566572091948632
17980,0.34648412736873146
17986,0.3626952032648346
17987,0.3146015560701658
17990,0.43227332898892257
17994,0.3510784564573818
17999,0.40199576923557157
18002,0.3054923543844918
18003,0.3304510538556213
18005,0.38639617487263683
18007,0.3799517546127045
18013,0.3258105267322236
18015,0.36350579079176254
18016,0.37077514648386956
18018,0.35636478347832645
18019,0.3391793950944158
18026,0.3578982075153762
18030,0.3181642390994822
18032,0.39279194242813453
18035,0.3741622696066301
18039,0.32678410623736476
18042,0.398632949190151
18044,0.3853457985994972
18045,0.376425156958656
18046,0.3357509306066381
18052,0.3135745468059899
18054,0.3526859638700667
18055,0.2993562798919054
18059,0.3718872679760473
18066,0.3846367405032685
18072,0.358834699087814
18073,0.3232964834931005
18077,0.3926193845987232
18081,0.3508796161204684
18083,0.3447249622055067
18084,0.343321340916586
18085,0.39834076420162357
18086,0.31274989317466895
18087,0.3572002964804404
18092,0.3845417591119176
18093,0.36801152149296856
18095,0.3111106618830443
18097,0.4001514120521128
18100,0.4107161194376798
18101,0.3708236354923325
18103,0.3582584442025841
18104,0.31407518284336655
18105,0.4138712918834445
18109,0.3959058912274269
18110,0.3566151084811843
18113,0.4199418698245322
18117,0.32551848749800016
18119,0.40125512177971473
18126,0.35150090096870257
18127,0.29870250324839404
18128,0.3431554826925646
18129,0.3489556147076799
18130,0.33337815906233864
18137,0.41093002735072653
18142,0.35868902353122095
18144,0.3683530385920257
18145,0.3644285062229459
18146,0.40039392853779376
18149,0.33166878679832856
18152,0.3180797136185811
18153,0.36316372441388445
18154,0.33067540296087217
18155,0.35017320193403395
18156,0.3598470646423047
18161,0.3871733723257825
18163,0.3144875708331532
18165,0.31677688321945763
18166,0.4218593650120452
18168,0.40412079594661465
18172,0.29057432198956706
18174,0.3964509728691827
18176,0.3270187263868899
18177,0.3477518571361467
18179,0.39090621955315114
18181,0.37019553648462433
18182,0.30429924462682234
18183,0.4327428403056388
18187,0.38304775031253263
18188,0.38734099788066795
18189,0.3372570978823443
18194,0.4005093266726529
18196,0.3325683679534275
18197,0.374686984657032
18198,0.3507198774827676
18199,0.3627908419146619
18201,0.36353028420832345
18205,0.3681783675157993
18206,0.4064707623379996
18207,0.39902078378236505
18210,0.38852023220355736
18212,0.3845617234098105
18214,0.3658709590008158
18215,0.40378932908049403
18216,0.3859281886997885
18220,0.37157489454502
18221,0.405694103581799
18222,0.33701158371406437
18223,0.4278609046240103
18227,0.39231800339577927
18228,0.35757987052543366
18229,0.3431591159167532
18232,0.3905622216435845
18234,0.39867538557952414
18239,0.44064311986614035
18243,0.39365907075148354
18244,0.2985481510823389
18245,0.4334532782419437
18246,0.3671273737695832
18248,0.32343343881254527
18250,0.37454938276713734
18253,0.3967106461101245
18254,0.290035055435092
18256,0.3895754654912958
18257,0.38745145763771316
18263,0.29755031470840904
18264,0.27551666639902433
18266,0.36405447730337454
18267,0.28866230048491487
18268,0.40263813718046104
18269,0.3298846404441337
18270,0.4145249733826236
18271,0.4188059112005347
18272,0.33875375271944874
18276,0.4032615740885165
18277,0.3168083377848684
18280,0.3938521693363807
18282,0.3412940086285791
18285,0.38818023283369485
18288,0.4084661599453852
18295,0.29763549751716817
18298,0.39609824767216273
18300,0.39880930723091607
18301,0.36559463520669055
18302,0.39888106419933744
18304,0.2881451842391819
18305,0.36328338982465636
18306,0.4221345458950376
18307,0.31606448065673776
18308,0.3174313499509034
18309,0.37994945803271635
18311,0.3635953069965278
18313,0.4024442025691862
18314,0.37759932244597716
18318,0.37703475999790353
18320,0.3759458659133812
18321,0.3521913637581757
18330,0.3450307972961839
18334,0.32561337819848957
18336,0.30543037440976684
18337,0.41628375550804775
18338,0.36031910471538486
18339,0.3768106046025823
18341,0.3958010167999805
18347,0.3554672341275013
18354,0.3118400935705768
18355,0.33452097790424373
18356,0.3338133740167283
18358,0.37242136800468306
18360,0.4102796957685847
18361,0.3888756195965153
18363,0.38568791502570743
18364,0.40363927437588887
18367,0.3870013552006
18380,0.34170810862223977
18383,0.39263006908008413
18384,0.3321894811581805
18385,0.3272529637246707
18387,0.4274005797292185
18390,0.36188782293476907
18391,0.3765299860620781
18392,0.3908842490426593
18395,0.42329180315405435
18396,0.37700145289142795
18397,0.3882741397729982
18399,0.39353432395352467
18400,0.394873307766458
18403,0.3427352422750385
18404,0.38270718661158953
18406,0.40712012801154973
18407,0.4151955136904675
18413,0.39210834273782774
18415,0.398426691233314
18417,0.3509742267368935
18420,0.3082466970431508
18422,0.3855962532702787
18425,0.38129793814912794
18426,0.39236250370712067
18427,0.3167956893543358
18428,0.416673911953237
18429,0.3407637371004361
18430,0.3648012273944664
18431,0.3894804777226435
18432,0.39903380659436427
18433,0.42983410738578853
18435,0.4182771862233209
18436,0.37296138175893634
18437,0.3537024195936306
18439,0.400504088307704
18444,0.3863926860208249
18446,0.391055317143045
18448,0.38883731907521224
18455,0.4194403432550309
18457,0.3951172658166591
18459,0.3736003113135788
18463,0.4172110454983991
18464,0.3786690861134425
18467,0.3500150245598046
18469,0.3966414319763383
18471,0.324341626441526
18475,0.3958478423341174
18476,0.32623878943817064
18477,0.3391436177964665
18483,0.3371764885008697
18488,0.36417968192826417
18489,0.3713596350405108
18490,0.38824406604139605
18492,0.4287750295119669
18493,0.3927057900331776
18494,0.4288155119976831
18498,0.35066470652411874
18502,0.3449333400718601
18503,0.32918370575428396
18504,0.39307474859789127
18506,0.3419085779501423
18507,0.3634694572596566
18508,0.38673190104484106
18512,0.3613915410599743
18515,0.312012016033906
18517,0.3901097162287047
18518,0.34397502021821047
18520,0.34357779759167395
18521,0.3449988177003243
18522,0.38632629667881857
18523,0.38239355761176097
18524,0.35321336417228855
18530,0.3733950532452772
18531,0.3788925380782668
18532,0.3393261823165919
18533,0.3651254363515187
18534,0.38503431583046943
18540,0.4074646057153316
18542,0.37796784017075297
18543,0.40979360706091283
18544,0.4018112591749995
18547,0.3659804771985924
18549,0.28958394274903193
18552,0.32521540447414476
18553,0.42127671281474444
18555,0.3012363389811894
18558,0.40001383540090607
18565,0.32161468403517507
18568,0.3649020053118147
18572,0.35580322000911013
18575,0.3469967406815686
18576,0.369026515823885
18579,0.34960653687315113
18581,0.3535390754997022
18583,0.33078765395123383
18584,0.31998380914351354
18585,0.3282266206534452
18590,0.33695765074067385
18594,0.3802210641180823
18595,0.35260842371030576
18598,0.3844440682249748
18600,0.3655594900689215
18601,0.38841457816704117
18602,0.35878279585457556
18603,0.3656936762408997
18604,0.29873610031871356
18610,0.37001254866715316
18611,0.3559568495685244
18615,0.3802547970424516
18617,0.36691326055830187
18619,0.3882853598665853
18623,0.33888504556309756
18630,0.3645142079282632
18631,0.4241383671718534
18632,0.34322681766451635
18633,0.40280974709410305
18638,0.36591182912129405
18639,0.3526531354981948
18640,0.4040461083307676
18641,0.32542234359385264
18645,0.354924977822329
18648,0.3279118265185234
18649,0.4001703951551374
18651,0.33677384314828085
18653,0.35208063756202646
18656,0.31574119801311873
18657,0.39825674818338974
18658,0.36807172500688196
18659,0.33064989782430376
18661,0.3931407392290972
18663,0.4271420235752384
18668,0.35395461799488726
18669,0.32598565239777305
18671,0.38165256251981255
18672,0.3144793469809538
18673,0.3526232661444589
18679,0.2811412249828178
18689,0.3490781294190406
18690,0.381539848550807
18692,0.37110832675745437
18694,0.3612560765415415
18695,0.3650039906871246
18698,0.41433173329406436
18699,0.3432451830308223
18704,0.37876600327283366
18706,0.37790634814052276
18709,0.40048325844524224
18712,0.42992928156557153
18713,0.3715673445281626
18717,0.41076980170315525
18719,0.4550450962444832
18724,0.39027948659889433
18725,0.33358391594131287
18728,0.3384722665239842
18729,0.44018861004850185
18732,0.30166354251598826
18733,0.3425395998981209
18734,0.35155779792460073
18735,0.37020409418585476
18736,0.4310056974018718
18739,0.36268069743895526
18740,0.3848252753750965
18742,0.36253087261485933
18743,0.42421035638295307
18749,0.33774156547206324
18750,0.4074583760817274
18751,0.38006569034234233
18755,0.4190066408478625
18756,0.32844386170893275
18759,0.3525786092000269
18760,0.3130595299014119
18762,0.4097171562030064
18765,0.32194379959447184
18766,0.31572632776275816
18769,0.3727401519247242
18772,0.402119544055421
18773,0.3438513637135553
18774,0.35647275665245187
18778,0.40266889588400423
18780,0.3663218049849466
18782,0.38628008696906546
18784,0.35917500812049286
18785,0.3416243567972701
18786,0.33469537505326674
18801,0.3474345042534668
18804,0.39094843869348606
18807,0.3744749928956606
18810,0.43619018447722524
18811,0.38715477560809375
18815,0.3531777141155874
18816,0.46610750806498463
18818,0.36294087468997754
18819,0.4378181589542375
18820,0.37795152693816897
18821,0.4147620880442853
18822,0.3622404259505141
18825,0.41146034070911514
18827,0.37146592493382347
18831,0.38162572473445644
18832,0.27239656087931075
18834,0.40271453976987737
18836,0.2981092295612795
18837,0.3999013126792906
18840,0.31896947139085885
18842,0.3612771230123728
18847,0.3900629968927568
18849,0.3636753073160048
18852,0.3650146219488871
18854,0.39937339038734315
18855,0.2872822970509367
18857,0.3324773713500591
18859,0.35309978359545335
18860,0.3991801283583614
18861,0.3875534269585059
18862,0.302714538329925
18864,0.37936672158607687
18868,0.3547142505560806
18870,0.3160761074267445
18871,0.3381966777503573
18874,0.3916941814985146
18880,0.3663106614384213
18882,0.3344846380268411
18884,0.4015803688376629
18889,0.3240991257516259
18892,0.3367258777769295
18894,0.4025115424507468
18895,0.3182890978916256
18897,0.4058102932268405
18898,0.3539180212065988
18900,0.3348909920664043
18902,0.38586067680818614
18907,0.3667228582618951
18909,0.33471311341740484
18910,0.4073527872904629
18914,0.33844704191741654
18917,0.3579398036050322
18918,0.3309943532394809
18921,0.3885085588553353
18924,0.3681731520202677
18925,0.3876137893508844
18927,0.35335308027718404
18928,0.338790788839252
18929,0.37614403192433954
18930,0.4163734986772336
18932,0.40407551315672263
18935,0.2798096496904688
18938,0.27391113391304117
18940,0.3316387568365451
18941,0.37389906821180724
18942,0.41707484577820597
18944,0.3182762471986252
18946,0.36252649024631045
18949,0.39490358131873615
18954,0.4029657897387042
18956,0.37915632484106265
18957,0.3046468209301145
18959,0.40025245444502144
18960,0.3350748592320628
18962,0.3632467215964351
18963,0.4257678949653968
18964,0.3545144547505562
18965,0.37478123282889303
18967,0.3402231632984334
18969,0.3492738855712674
18971,0.36286514364488087
18973,0.442295858549108
18977,0.3583682768574644
18978,0.4197308692289076
18981,0.36386839581110425
18982,0.29859636895164365
18983,0.3886787819036659
18984,0.38427675191078997
18985,0.40237661666917257
18986,0.3204887880993614
18987,0.30749824887908994
18988,0.34183751787662525
18991,0.32436324971169705
18992,0.3979631588175029
18993,0.3853854788409783
18994,0.38567410104193545
18995,0.36006639231129944
18997,0.3820328919529219
18999,0.3207926999361736
19002,0.38217522615850097
19004,0.3355546365874612
19005,0.36207034886540407
19007,0.3662764557917688
19010,0.3293776130306312
19012,0.3865057372385913
19014,0.3680445843983417
19016,0.3884730179957633
19017,0.3841100619395833
19018,0.3677037765748412
19019,0.3553638428348066
19022,0.3597424529326455
19023,0.40820149868641453
19024,0.383667651764619
19028,0.33194693895962263
19029,0.3206074390105436
19030,0.3205586643428141
19031,0.36640404399326054
19034,0.40599228332256815
19035,0.29170481202241555
19036,0.2900531575775954
19037,0.32933971898232084
19038,0.3811692109668008
19040,0.33427799727595264
19042,0.37027382512135615
19043,0.38350055970093
19044,0.32904992675024497
19047,0.40339610371463097
19048,0.4555220536507938
19049,0.3548989059719395
19051,0.3711104380788762
19053,0.39119103250814224
19054,0.396571792975771
19056,0.3641792375381348
19057,0.4099287151631006
19058,0.3795750391801228
19059,0.3913123354481892
19060,0.38142452357227974
19062,0.42323106322193554
19064,0.42185538567929826
19071,0.4111301799447396
19078,0.3488504461129525
19079,0.42115564248693976
19080,0.3781193635773775
19081,0.29195150036772227
19085,0.37442176092711055
19088,0.36732917107201485
19089,0.3119708707028866
19090,0.3828308000189071
19091,0.352734727201513
19092,0.4131573895767826
19094,0.3903692875464174
19099,0.35220855420272784
19100,0.3686422768122419
19101,0.2768122087721406
19103,0.35623944968133037
19104,0.39385003439341076
19106,0.32588295434917486
19107,0.42081896702506705
19108,0.33873912881853746
19109,0.3157394050063439
19111,0.3328614952089176
19112,0.3514458511797196
19113,0.40278135650717073
19114,0.3838711686181829
19116,0.405308437178817
19117,0.3826903857898165
19121,0.37597694836986795
19125,0.4015958801216052
19127,0.337948373929124
19128,0.3624219499868774
19136,0.3529199435111074
19137,0.4119680828724231
19142,0.40727839486282863
19143,0.38646910375832494
19144,0.37626897834377826
19146,0.3967751034509286
19147,0.31820194375042804
19152,0.32489774326646204
19154,0.317160223061279
19157,0.3229728223681308
19160,0.34677683320544056
19161,0.33234783344507707
19162,0.3755613516091949
19165,0.3243514052457032
19167,0.2779043770551333
19168,0.39390592746551156
19171,0.30901669398115234
19172,0.3265936956631004
19173,0.3935237217372328
19174,0.3089904084274777
19176,0.3972420145977634
19177,0.34575572561093415
19178,0.3401985889555426
19179,0.39848296439000563
19180,0.3694268121328954
19182,0.4000233846736697
19184,0.40030997726941614
19185,0.3004639621274407
19187,0.2832504816244955
19189,0.4024186876989231
19191,0.2946484865720265
19193,0.33756426151279667
19194,0.3455679956647001
19197,0.32264288665633656
19198,0.37764198961380957
19200,0.38436586768095027
19202,0.31033351428791345
19204,0.37634044766760655
19205,0.4160417163883484
19206,0.3958058216402279
19212,0.35507981806366684
19213,0.3550232713957475
19214,0.39401415900276443
19222,0.3764337418594512
19223,0.354211926254087
19225,0.3612461868281326
19228,0.35760871097728597
19230,0.4319322253779547
19236,0.4004639282711272
19240,0.35099846989934946
19241,0.3040950100782281
19242,0.40179291482087875
19243,0.44191871307295877
19244,0.37158967149263167
19248,0.3968456433434006
19249,0.3605106344732073
19250,0.34084019988252456
19251,0.36914360941015445
19254,0.36987484518999525
19255,0.3675801521580506
19258,0.44111064338284856
19259,0.38019406986885085
19260,0.38440471430983475
19261,0.3953535572549388
19262,0.3233948060323153
19264,0.38816177938479846
19265,0.35153887704076003
19266,0.3835556429599525
19270,0.40715294267517604
19271,0.3989429565096766
19274,0.39451542494674147
19275,0.36504231628483375
19276,0.3463362171769781
19278,0.348130383371831
19280,0.37112636697264306
19282,0.3392719083669503
19287,0.34215437809130594
19288,0.38321399530994815
19290,0.35481025337901223
19293,0.38148849029203913
19295,0.4005880703425948
19298,0.3708412905131036
19299,0.385716723283677
19300,0.3434107349701417
19301,0.3724575431649132
19304,0.41225499851365416
19305,0.4000402753455475
19306,0.3482111607916012
19309,0.31745522175337415
19310,0.3850133150467789
19311,0.39401455676676655
19313,0.3960955910926409
19317,0.4000484671730878
19320,0.3991007303730069
19322,0.3171190159563124
19324,0.39724095401622994
19325,0.39384462968785094
19326,0.35820024396967454
19328,0.34114160293106033
19330,0.4528344909825417
19331,0.34874273919114906
19332,0.3933638915712497
19334,0.3853165174723717
19337,0.35630275548576307
19338,0.327065465024407
19340,0.32818341796677664
19341,0.40621387958137356
19342,0.4069179655638348
19343,0.3832228472657757
19347,0.425697601882006
19348,0.38742884003225886
19349,0.3440760536465853
19354,0.38946562413879526
19356,0.39314160643637774
19357,0.3697775975545068
19358,0.4173540638505809
19361,0.36013893410932024
19362,0.3979501852469973
19365,0.36496965495169936
19366,0.3406233483299152
19367,0.4330556410296159
19369,0.3442944293850721
19372,0.34986552065728704
19376,0.3348227362911199
19377,0.37428826613220095
19382,0.31465293427568286
19383,0.4134782545145038
19384,0.34507854618955225
19385,0.37729281953395843
19386,0.35269238087810084
19388,0.3824892686421339
19392,0.3257462831519099
19393,0.38175787963806906
19394,0.30751082087745824
19395,0.4247812071973498
19396,0.34992299923854453
19397,0.401851285098271
19399,0.39410289281489275
19400,0.3794687405868067
19402,0.3740816590465257
19403,0.3588872612739584
19404,0.3559440724412356
19405,0.3682663052556052
19406,0.39737899540493227
19408,0.3785685684328726
19412,0.4057573144288018
19414,0.3841046464719714
19419,0.42949455542040027
19421,0.39376694392175116
19424,0.32027842290096553
19429,0.37961676195561733
19431,0.3857320369436755
19432,0.3986569832057203
19434,0.3334741543180727
19435,0.3976912934966631
19436,0.3380580862560118
19438,0.3892071487722524
19439,0.40344272259185565
19441,0.30520921920757615
19442,0.28528268919826755
19443,0.3364455500744221
19447,0.33659943291450517
19448,0.414419627834709
19449,0.3331307972587166
19450,0.32833528679740265
19452,0.3799247552208588
19455,0.44731367513779174
19458,0.35207305793718097
19459,0.3354843054721751
19460,0.3706978151712722
19461,0.31950498535807303
19462,0.34439624486791903
19463,0.3720524902201485
19468,0.3558104815633258
19469,0.26510907735374406
19470,0.4388724138023824
19471,0.3877403821681068
19472,0.32841019268239796
19474,0.3546243647586487
19475,0.381830090550646
19477,0.369809028595747
19478,0.28152815839416967
19479,0.35096935393952233
19482,0.4234803940627879
19484,0.43414473775477047
19487,0.37376383600012497
19492,0.39620393623383193
19495,0.3606199795398396
19502,0.3853343457630652
19505,0.29132179494993654
19506,0.39206078082809853
19507,0.352701641167968
19510,0.3283839524621781
19511,0.38601119240815995
19512,0.302330065443226
19515,0.36545321190184404
19520,0.3834654355627141
19521,0.3852273316311817
19526,0.3586492935511926
19527,0.35835785302456025
19531,0.3840185649680561
19532,0.3919059548873695
19534,0.398806819965014
19538,0.418472614967268
19539,0.3301266181181136
19542,0.3708271974106785
19543,0.40096612898036016
19545,0.3672936588082848
19546,0.31860139196053705
19548,0.31762355290831307
19550,0.4539223754113107
19552,0.3944118069145508
19553,0.3169871581614587
19554,0.3411836978140339
19555,0.3841409291906688
19556,0.3619432409140898
19557,0.43259569659371355
19561,0.4238552808825889
19563,0.2812283149527518
19570,0.35696320336237697
19572,0.38259576485637964
19574,0.39386720718540114
19578,0.38224229150990024
19579,0.3237250724165215
19582,0.34329978640940323
19586,0.274876834345536
19587,0.3357765702595643
19589,0.42057420477240015
19590,0.3245774464401533
19592,0.3767545711745919
19594,0.35469863037038946
19596,0.40645565752661195
19599,0.3713246045040421
19600,0.3881479905638434
19603,0.28014135244490707
19604,0.39676964980563956
19605,0.356948270198576
19607,0.35192251511772393
19616,0.30247975405011396
19618,0.355955351345259
19619,0.3019156439673085
19620,0.3953954607540918
19623,0.3901172571624626
19624,0.39576977497984334
19625,0.4048013121356506
19626,0.33393489870251863
19628,0.3928760654628135
19629,0.3175658174536293
19631,0.3128942971283183
19633,0.3964194172018528
19634,0.3735137379025768
19635,0.3364380956024477
19636,0.33840489204956764
19637,0.3642099934870042
19639,0.33159207333759255
19643,0.410664722921504
19644,0.3876159901959808
19645,0.3583420309886893
19647,0.3907687997160068
19649,0.39232359905065856
19650,0.40071679549773964
19652,0.31660910713120105
19653,0.4022115144307865
19656,0.39274492622608914
19660,0.3823842065161258
19663,0.3874745543983873
19664,0.3943886710099112
19666,0.3709030768716997
19668,0.38615790381737736
19671,0.2823044113685806
19672,0.3764443018751302
19674,0.3904908145155309
19675,0.36943062890948114
19676,0.32760516310408627
19678,0.37492601719933594
19679,0.38802240111408803
19680,0.43049456833151734
19681,0.3495814492760877
19682,0.3951511171474399
19683,0.3766853339217729
19684,0.3203511646669206
19686,0.3927346780964099
19687,0.3543050400968323
19691,0.3992466409088067
19692,0.3846588149394834
19698,0.30673145970965565
19699,0.4258095034503454
19700,0.41951410537574385
19702,0.3814077042970092
19706,0.3558216113730759
19707,0.435576700371021
19708,0.4026440449254085
19709,0.36665264566456557
19710,0.31506817263056736
19711,0.4121641766883318
19713,0.351636787229741
19714,0.31383610663620387
19716,0.38562462992831636
19718,0.32017387734114044
19719,0.3433103387492963
19720,0.3598211361882794
19724,0.30868553733786097
19726,0.3239287442769152
19727,0.39428992354944803
19728,0.3058057991707459
19729,0.38048672733278693
19731,0.40797995553238864
19733,0.36329452767816445
19735,0.3695327135121895
19736,0.3790518314334072
19743,0.33815029655910267
19744,0.39680669426045956
19746,0.344559219542824
19748,0.31920446672281755
19750,0.3897341128658393
19751,0.4045376390710107
19753,0.36850875543258027
19754,0.38622606482459
19758,0.32566326235361204
19760,0.30811743006184367
19766,0.2806716316877119
19769,0.3405540463737671
19770,0.3955939515977186
19775,0.3951807026634198
19778,0.3995296908603062
19779,0.29035493289408537
19781,0.406278203051328
19782,0.4128408521814087
19783,0.3953135333369593
19784,0.3573283169629947
19785,0.4027506323879407
19788,0.35708070345488635
19790,0.3103394372689486
19791,0.34446478850141565
19792,0.29473506123458587
19793,0.3753998450492742
19795,0.3232906671595399
19797,0.3722139752228472
19802,0.3394435635145956
19803,0.36330183436194186
19805,0.3640499873585691
19806,0.39015081700136633
19810,0.3960831003152888
19813,0.32045339832116193
19818,0.307964857303635
19819,0.41231352975231494
19820,0.39132764814131515
19824,0.39160570108907433
19828,0.38919656567308625
19830,0.38406286256512334
19831,0.40970866227976854
19832,0.2949874145541731
19833,0.3984831852053742
19834,0.4022143793266067
19835,0.4127453631554451
19836,0.4000188794690772
19838,0.36293887715311623
19839,0.37972699206533944
19841,0.39466439541645393
19843,0.365122691441304
19844,0.3703338279813284
19845,0.3182572296781011
19847,0.4176859798316903
19848,0.3279802980548673
19851,0.42184673079901025
19853,0.3435815349746543
19855,0.357003776467334
19857,0.4004494328835523
19858,0.38679612314668554
19861,0.34047918140993955
19867,0.40899647292377095
19868,0.39560737863635165
19871,0.3204464087048581
19875,0.39623468758253777
19878,0.42220103415117716
19879,0.3358743159244505
19881,0.42026438862129156
19882,0.37507832291048354
19883,0.3628426225055379
19884,0.3594835909188833
19887,0.43353225009783114
19889,0.3861751570977624
19890,0.33659942282084254
19893,0.399891530734463
19894,0.41415643486492393
19896,0.36660601434193174
19898,0.37593778789384363
19900,0.3062282207890339
19901,0.4144450145985368
19904,0.4299096739895918
19906,0.4235104661962831
19914,0.31407717657118406
19916,0.3131941137396951
19920,0.39667213805668317
19921,0.3247861786553443
19922,0.31289843045153715
19924,0.3212094845799306
19925,0.3801807235551881
19926,0.35943608827090884
19935,0.42682818407848794
19937,0.33708018907953785
19938,0.3863803583664127
19941,0.43267100932485947
19943,0.3378090335412318
19946,0.32567229869957715
19949,0.3403950541619216
19953,0.3848345145471538
19955,0.3335747777740246
19957,0.39402533344885216
19958,0.3009825952840821
19959,0.41819771161351904
19960,0.3874311003079849
19963,0.41247478745680033
19964,0.3650109511650045
19965,0.29380946539666164
19966,0.3309163914562497
19967,0.38099584896664895
19968,0.43037530451528894
19969,0.35242876179522414
19970,0.32217729535233564
19972,0.3286779192241134
19973,0.31879405566854896
19974,0.3724738431120884
19975,0.38632378254786326
19977,0.3496202501944293
19983,0.2766050201083384
19984,0.43171289512695854
19986,0.4014720962010506
19987,0.414907928202434
19988,0.31289080927933827
19989,0.33782193490108553
19993,0.35114208079124776
19995,0.3698432483057494
19996,0.42306027880365105
20001,0.3623953714435733
20003,0.40718134138425877
20004,0.39182132492892235
20011,0.38937553953944837
20016,0.31703904845891584
20019,0.43098926661159787
20020,0.36572673771991615
20024,0.40205549289881903
20025,0.4339560279542565
20027,0.3578136647294086
20030,0.3516402039642713
20031,0.27933732914990744
20032,0.3695438748737743
20034,0.3899679515610212
20035,0.44631209243080283
20037,0.343681958365626
20039,0.3083088683247492
20040,0.41817545313854204
20041,0.32510529801633514
20042,0.37429989651226964
20043,0.3781738667864919
20045,0.4101654169068423
20047,0.3987399420052694
20048,0.37439474141511975
20049,0.37674166886110244
20051,0.4218842588081966
20053,0.4054532423960949
20055,0.388853556288957
20057,0.3761385368666279
20058,0.3921299986009039
20061,0.3201752614758114
20065,0.44715293813767354
20066,0.3660258460073792
20067,0.36569504554356685
20068,0.35200710021426784
20070,0.3635072239098308
20072,0.3991546828534406
20073,0.4346070420748913
20075,0.3944097441730186
20077,0.3597468808479823
20078,0.3655077144512299
20079,0.3516050921027024
20083,0.3591857756682743
20084,0.38313926462359793
20085,0.40601069993897826
20086,0.35439439987528765
20088,0.363610356953133
20089,0.39346843402309706
20090,0.34399367198159514
20091,0.3886337118876221
20094,0.3872648141566819
20096,0.36125324652127744
20098,0.3370804033856277
20100,0.3612277071631381
20102,0.3865460183734636
20103,0.38157220463279884
20104,0.4084485676761277
20106,0.3623382441107259
20108,0.33363470176871574
20110,0.4249312814298738
20117,0.34866824920187234
20118,0.40374096187465014
20119,0.3008931189638163
20120,0.39698564852858215
20126,0.3524746876881809
20127,0.3689597125099094
20133,0.3584507240970611
20138,0.3661222182636282
20141,0.43122624174733826
20145,0.40048098490218875
20146,0.345766997002777
20148,0.4438906330154351
20150,0.40851805738813907
20151,0.39096683693804724
20152,0.4007636546777973
20156,0.3332497388332674
20158,0.3561622263173437
20160,0.2869642172901182
20161,0.3378394302171073
20162,0.37342988848619246
20164,0.3921501357554913
20167,0.3407503207548333
20169,0.44927618346478804
20170,0.3745699863123702
20171,0.4212595019125273
20172,0.33685795957604625
20174,0.3771681530685148
20175,0.3835011502267657
20178,0.3672938807712749
20181,0.38407059652841713
20184,0.26530319903297883
20187,0.389452326326906
20189,0.3834455504645261
20190,0.3734203726149493
20191,0.3657904033722592
20192,0.36476751810851504
20193,0.3968764843108459
20197,0.4515367885781145
20198,0.40107044109560186
20199,0.31275875566339556
20201,0.34491866072165583
20202,0.3160799224764538
20203,0.38742234458805025
20204,0.3431512151474391
20205,0.3564437259575507
20208,0.3071503223609409
20210,0.33674026341471575
20211,0.37514774892707486
20212,0.38835401271972736
20213,0.3403744447159439
20214,0.40541044481263727
20217,0.3687673850728106
20218,0.4083162250320884
20220,0.3881907877942833
20221,0.298413242940907
20225,0.37213161495323355
20226,0.40523198553178785
20229,0.3788055352297649
20234,0.3833855598393907
20238,0.3697631561835987
20241,0.35199231720529034
20242,0.37898289374734795
20243,0.3828144243526488
20245,0.3742884270623995
20248,0.45177722928421693
20250,0.2984056910091362
20251,0.4072980170261592
20252,0.3442088841021095
20255,0.32046219027438005
20256,0.3333146072562975
20259,0.33594870338509963
20260,0.36958428237301577
20261,0.32271032711243136
20262,0.3921856130522985
20263,0.36277408828777513
20265,0.35278072161730045
20266,0.3940878535689575
20269,0.35660157675008297
20270,0.3999800569972546
20274,0.3815578826738772
20276,0.3226603287818507
20277,0.37759542005108104
20278,0.42487596430563646
20282,0.3889651701877255
20285,0.39262938972132677
20286,0.3783268176013994
20287,0.330376663718029
20288,0.39047676116413543
20291,0.3836379928172229
20292,0.3415736695590546
20293,0.3584905694273395
20296,0.375828167023082
20300,0.3750883047102002
20302,0.36541745030224004
20303,0.38542655231068257
20305,0.41392158999984285
20306,0.40900745991461984
20309,0.29680464547236357
20314,0.3801221210508965
20315,0.3846670030400399
20316,0.360783670075025
20317,0.4117841049990502
20318,0.30781905243429597
20319,0.41656694245634995
20320,0.3140100618555072
20323,0.3771235258336874
20324,0.3507628313262714
20325,0.3151267258847231
20326,0.308318209540993
20327,0.3935918945368544
20330,0.4291520006409676
20331,0.4242231045767299
20342,0.3999910535483705
20343,0.36305311326783873
20345,0.41764315996498436
20347,0.3494858594044485
20348,0.36267024760197764
20352,0.38758531413486835
20354,0.34044209619667454
20355,0.3004218074860747
20356,0.4289515061988805
20357,0.3482200015539543
20359,0.36707129435024016
20361,0.402415100466926
20363,0.35753853828468335
20365,0.35494340110573014
20367,0.43145338529089283
20370,0.31389893480302655
20372,0.35450215072330543
20373,0.4106688985303169
20375,0.41720208718619906
20376,0.3864389421250365
20379,0.34044545305375673
20380,0.36208388183552975
20383,0.3889777692304821
20384,0.32694662976209515
20385,0.3411129255076215
20386,0.41100270266824457
20387,0.3495081439053851
20389,0.3938771367013518
20391,0.3787483154904283
20392,0.372766480405299
20395,0.3781447985356711
20396,0.3744780444073929
20398,0.4226890866894141
20401,0.3658528586781419
20403,0.3370843923600787
20404,0.38559610814239914
20406,0.4065814779858733
20407,0.4318779729978027
20409,0.3886884611063024
20411,0.4158958170874464
20412,0.3340651612590017
20418,0.3228925421704152
20419,0.4293185666370445
20420,0.32037076861981467
20423,0.3623562144402045
20430,0.39622687257187683
20432,0.37953696730479625
20433,0.41342151411555905
20434,0.40097586084330217
20437,0.39128661236932394
20438,0.33600583326140354
20439,0.396693924519663
20440,0.3508844155357242
20442,0.34321759191871576
20444,0.4618895733162909
20446,0.401840490393921
20449,0.32266945867262975
20452,0.4010544646363182
20454,0.3846373417137905
20455,0.40167869489547414
20456,0.3372468919047253
20458,0.29744737096296237
20462,0.42589389458188653
20464,0.40521904532109215
20465,0.39145732855193993
20467,0.3312001488632244
20468,0.2748308333588401
20472,0.34122451101014467
20473,0.3321274383776426
20475,0.374370790835574
20477,0.3824331235740443
20482,0.39715584743808174
20483,0.4164700572757291
20486,0.37239461117523476
20487,0.3493691491651822
20490,0.34945121783872807
20491,0.34818389698259167
20494,0.3112354609486272
20495,0.38621877898845836
20496,0.3923173018716016
20497,0.2944823234075888
20498,0.41439129521026974
20499,0.394883311740927
20507,0.3915896613104487
20508,0.37040193473441996
20509,0.3197499739105546
20510,0.37502409223572575
20511,0.37009205414789687
20512,0.3971351067890154
20513,0.4071507752739142
20517,0.4073713285553977
20518,0.44753952786224704
20522,0.374553003872912
20525,0.3563626970819419
20526,0.3812069051354689
20531,0.392542230485067
20534,0.37510089690538084
20536,0.37565882040792514
20540,0.40045612498299676
20544,0.39254483760608516
20546,0.4445635888127383
20548,0.2994137526396958
20549,0.31943225405606906
20550,0.31441767703052387
20551,0.37176863649743364
20552,0.3858010484319434
20553,0.34899132887210926
20555,0.3898860076058839
20559,0.36498419473632776
20560,0.2996732120006567
20561,0.41329008369350323
20562,0.3655236734313409
20563,0.4186261668596325
20565,0.37040770671525564
20567,0.37748103832832103
20568,0.3940089040898734
20569,0.353550570701651
20572,0.3823703677435215
20580,0.4213888199942982
20582,0.31995485120718886
20584,0.42827927975047864
20585,0.4069411591881327
20588,0.2756038988445585
20591,0.37346008854891133
20596,0.34252988732511397
20597,0.31572932943775656
20600,0.369769907033071
20602,0.35822275437607876
20606,0.30500667172458085
20609,0.4185893907803627
20610,0.3388664754595976
20611,0.3656291260132263
20613,0.39249650814167425
20616,0.43551536379917943
20619,0.29379946259874323
20622,0.3882795108425513
20627,0.35697402050924815
20630,0.39148981666390126
20631,0.3151747446659786
20637,0.3960194729778178
20641,0.31847254202881314
20643,0.39459920730187675
20645,0.4210011870806313
20647,0.3919404662085063
20650,0.3107187817626133
20651,0.3642507044487657
20653,0.34637212905490544
20654,0.40634168974488527
20655,0.3372992291687618
20656,0.35176901971650176
20657,0.3548557318526163
20659,0.2779193063601233
20661,0.35787597360231443
20662,0.3048764541497035
20663,0.3926401274000293
20666,0.3951274493092509
20667,0.38733575915057217
20668,0.3962537777910804
20669,0.3720114134064548
20673,0.3348896405913473
20675,0.35078826943498853
20676,0.4032036740840056
20677,0.38277455895084445
20681,0.2776329223997267
20684,0.31181599452047376
20686,0.3234332791408719
20687,0.41154232519822087
20689,0.39111918677977114
20690,0.3684744386182076
20691,0.3059977258688782
20692,0.333510660371848
20694,0.38362211728385454
20695,0.43464614687214215
20696,0.32867455116341904
20698,0.3902252355479844
20700,0.3167120801788353
20703,0.38322301336560505
20704,0.41679684974099557
20705,0.3867196602558358
20706,0.3674880936822236
20707,0.3555655711283024
20710,0.4152283667613015
20711,0.29364735358172284
20712,0.35213337049206483
20713,0.35370299091720914
20714,0.40117290732173483
20715,0.43866902450527584
20716,0.4019674103509071
20722,0.35901747097960296
20724,0.4315820984681571
20726,0.3554121029163303
20728,0.3431739739152626
20729,0.4271409727543998
20730,0.4368666200707933
20734,0.42039891982468514
20735,0.34934585398432916
20736,0.3903600524042907
20737,0.37714371750334197
20738,0.3717706914796382
20742,0.41355849790996274
20743,0.3372465384215214
20744,0.4052185621948725
20745,0.40892255217172685
20746,0.4000427607773258
20751,0.36166942587437656
20754,0.36808155896397565
20756,0.41044213404648444
20758,0.30747048066124616
20759,0.4327399298657443
20760,0.34778679408122815
20761,0.3540928370058473
20762,0.44037706161726786
20763,0.37443729747973353
20764,0.41785945547618186
20767,0.41837693789665065
20769,0.3977022157756438
20770,0.3877354680298034
20773,0.4177830121252808
20775,0.4060865569918891
20776,0.4308637878177639
20777,0.43944293526878064
20778,0.31225332323446714
20782,0.4128817293010868
20783,0.405137583640492
20784,0.3797437208967812
20786,0.3912974282208801
20787,0.3709862100091994
20788,0.3422122047546496
20789,0.35886849283884636
20790,0.3395171660486696
20791,0.3747657453726476
20800,0.432595016771037
20801,0.3076357479174113
20804,0.3964925591321755
20807,0.42970725420787276
20809,0.3174154137036929
20810,0.4160333692354292
20812,0.4069917660124617
20814,0.4220673590657459
20815,0.41858055348834844
20818,0.32631306273049154
20819,0.40149525522411755
20820,0.46324924916053567
20821,0.39520666250190706
20823,0.3954511599355669
20826,0.36742418151460987
20827,0.36163040573941563
20828,0.4049472447351268
20829,0.40850071040375296
20830,0.40963332912918976
20831,0.4142404135829908
20833,0.4100790592451432
20835,0.3507726291941452
20836,0.38930248865052325
20837,0.45459816222312543
20838,0.3651645315347606
20841,0.43736218174349967
20842,0.43256729491071566
20843,0.33887114130594653
20844,0.4093352867846344
20845,0.40382262616306946
20849,0.39635994946387204
20850,0.36047658611115885
20851,0.4413260407736328
20852,0.3658046572859632
20853,0.4081396786325009
20854,0.3722570904877342
20855,0.36630228476787347
20857,0.3477220498718586
20859,0.43944966103602234
20861,0.4174453025881616
20863,0.4327780044267343
20864,0.36664300162297786
20865,0.4183056028482254
20866,0.3678587495737716
20867,0.3908090543174719
20868,0.3539406987087143
20869,0.36102656178444703
20872,0.42571024315937656
20874,0.29976420037709534
20875,0.40821413221867975
20876,0.414435900187799
20878,0.3683277543140374
20879,0.45211222343777113
20880,0.3925727609525946
20882,0.43417785125075825
20883,0.3898447445197831
20885,0.3072116107762628
20886,0.3858193096196535
20887,0.336103196635142
20888,0.38444659412505766
20889,0.42746786543733584
20891,0.3635568411497912
20892,0.4495414796020599
20893,0.41372931595194284
20896,0.3894916881872902
20897,0.3496541013683309
20899,0.41970631999351693
20900,0.38737979009572127
20901,0.34525029052476564
20902,0.3791776728276886
20903,0.3620738496277004
20905,0.39107309035575977
20906,0.3990947509777807
20911,0.34572100214873114
20912,0.3440707466376442
20913,0.3600358954891806
20915,0.40676297998406996
20916,0.4543463432387133
20917,0.424071964417871
20921,0.403621330900067
20924,0.3501919673998138
20925,0.4340293214126019
20926,0.435606485729509
20930,0.415968195644361
20932,0.40853965062131425
20933,0.38930391976789125
20935,0.4530174910607262
20937,0.4289119933144918
20940,0.42232179821331817
20941,0.27420824986115827
20943,0.36048193316105825
20944,0.33875445191083176
20946,0.3623432657001681
20947,0.4459140752366273
20949,0.36976181442333983
20950,0.3998825182299472
20955,0.4046519320437443
20957,0.41807592237215435
20958,0.4309987312997623
20960,0.41206881247445226
20965,0.4033910470826992
20973,0.4246812997589118
20975,0.373940095601947
20976,0.42642034813421936
20984,0.4186891073083234
20985,0.34407624114330104
20991,0.41498888970945025
20994,0.33236557025710833
20997,0.3884384107669986
20998,0.37431859382652627
21003,0.4144881766666346
21004,0.4305132386334928
21006,0.408119301856833
21008,0.39905525917174905
21009,0.33848993419831747
21010,0.36141671868879677
21013,0.4324826063710463
21014,0.3074927498444331
21016,0.3892817141149343
21017,0.42618868656756537
21021,0.3004230691769767
21023,0.4045206944139337
21024,0.42084898188092856
21025,0.35961564942543295
21027,0.34844594940498574
21029,0.3746438046360856
21030,0.3469291610822436
21031,0.33059863021109953
21032,0.47094217957268575
21033,0.3199039023196871
21034,0.3726759431610701
21035,0.30752283474844583
21038,0.31432609350378243
21039,0.3382662412403419
21042,0.35412419653560967
21046,0.402744495036358
21047,0.3887243085013188
21050,0.37332842841613373
21051,0.39417907573868793
21052,0.432242062230799
21054,0.3358822000919171
21056,0.4398616007474976
21057,0.3611481057781746
21058,0.4585200375479498
21059,0.3927957300193138
21060,0.3447381062647745
21063,0.3261706594632271
21066,0.38155834322098486
21074,0.451186035624079
21076,0.42623403189964154
21077,0.37909559922291525
21078,0.358295307271556
21080,0.3680941732900705
21084,0.3088593377322132
21090,0.36050045492297117
21093,0.4308437915439124
21094,0.3513024194277738
21095,0.443345127532617
21096,0.38289220709524563
21097,0.407595402129189
21098,0.35955759201878773
21099,0.3784634965449727
21102,0.3466730643871147
21103,0.40235362752642323
21104,0.4007573921097661
21105,0.383924703074967
21106,0.36500071076321106
21107,0.28033617722092663
21108,0.389355398567226
21109,0.3718958712450736
21114,0.31603215868785867
21119,0.3924458188798221
21120,0.38370646284580134
21121,0.3968131146547358
21125,0.3716289779897174
21128,0.40423031769336804
21129,0.4010651547049132
21130,0.43543932158419174
21131,0.40434185186203764
21133,0.4243107625585259
21134,0.3946825343519558
21135,0.41155721159309244
21137,0.3717583187474789
21138,0.42711702891724274
21139,0.3036819886281993
21140,0.42792031007219833
21141,0.3706389449910471
21142,0.3830633716592339
21143,0.3846775966935171
21144,0.3767778566050756
21146,0.40963355992794215
21147,0.43714957128587983
21149,0.41115730648337334
21150,0.3367643726594793
21152,0.38591094728059855
21153,0.41040186217756675
21155,0.352695308491937
21158,0.37799106803774035
21159,0.387174708192509
21161,0.38216926567476667
21162,0.4166125121030605
21163,0.41857949337427547
21166,0.420319339030261
21167,0.42894468766727545
21173,0.3143170763012271
21174,0.410735836218366
21177,0.40367364817309015
21178,0.37794456087867245
21180,0.39908543733975577
21181,0.39478678496357766
21182,0.36613973398097444
21183,0.4366584595855292
21184,0.3792896884537222
21186,0.458517616697275
21187,0.4243165762857416
21188,0.40713911977706796
21189,0.41204168626203164
21192,0.37154352031398075
21193,0.4273608094143424
21196,0.31914441195273774
21198,0.4088536734655718
21199,0.3944974422058874
21200,0.3834458063872668
21204,0.374877609846982
21206,0.38198751898212036
21207,0.430561294449794
21208,0.36583080783768596
21210,0.4287851277126575
21211,0.34308424437828205
21212,0.4224741152759679
21213,0.3977405618836449
21214,0.34923294097783897
21216,0.46461948677679277
21217,0.35030709876992966
21218,0.36482176187638277
21219,0.38279140980881976
21220,0.324764396457075
21223,0.4393991341986744
21224,0.35663648195807474
21226,0.374550894092713
21227,0.42167601749011574
21229,0.3380567727339139
21231,0.35461989313364495
21232,0.43072067339370396
21233,0.30358424281949226
21237,0.41187463485056724
21240,0.37207576255777947
21245,0.4413297665665188
21246,0.4010695532665972
21248,0.42048419089850864
21251,0.37791030270245063
21252,0.4116379107416942
21254,0.4117951917980539
21256,0.3421357857972801
21257,0.33212829133435373
21258,0.46311877237819987
21259,0.393795738712003
21260,0.412033070520918
21262,0.4211296110124645
21263,0.41054689567854125
21264,0.41996949163757247
21265,0.376423527500094
21268,0.3326061145778038
21269,0.2966246093650584
21271,0.44284252946585195
21272,0.35427216835890585
21274,0.45646018641815267
21276,0.38362596705382745
21279,0.43995685424030334
21281,0.4359660443640821
21283,0.41967280182828515
21285,0.30380394311847614
21288,0.39017171715274757
21289,0.4385345126618308
21291,0.3274672257051371
21292,0.35579045886521316
21294,0.4136855172304552
21296,0.41637354269957205
21299,0.41813683935646206
21300,0.3334591499381251
21304,0.27296891966841835
21306,0.37059218862629206
21307,0.3705181972237102
21309,0.4148831922187577
21312,0.4056235893818481
21314,0.39205489276887306
21315,0.44351143158315576
21316,0.3953702061931769
21317,0.37295448093973355
21318,0.37174331070368466
21319,0.42619276675005713
21320,0.4025589215119807
21321,0.3905260395666818
21322,0.44141489360491704
21323,0.44407907357172854
21324,0.40306194642524784
21326,0.4358542518091192
21327,0.3608444714647788
21328,0.44069047045089693
21330,0.34737258523011144
21331,0.4042423940391061
21332,0.413929783332335
21333,0.42448067590201205
21334,0.4076802971386574
21339,0.3540630045775851
21340,0.3166271003291166
21342,0.33422648324817855
21344,0.3330682493680543
21345,0.45970440739167745
21346,0.36509934662774934
21347,0.39748194668672576
21348,0.35078617248245353
21349,0.4650885113881628
21350,0.43595843499473286
21352,0.2886567638639377
21355,0.29653070757821837
21359,0.3027997055915559
21361,0.3630545723637855
21362,0.33144989009002485
21364,0.40642113098346055
21366,0.4107995164725676
21367,0.4415298047669255
21368,0.3888369285647151
21374,0.45747740906495454
21379,0.39021955740957404
21380,0.2979789254507718
21382,0.44394702414295073
21383,0.39679620819082934
21385,0.38912458633977764
21388,0.3710111117362887
21391,0.42078860150316627
21393,0.4013580264709923
21394,0.4237620795815528
21395,0.368967934427465
21398,0.41387176120523994
21399,0.3217910445498545
21400,0.3758574655704364
21401,0.3943624449928253
21402,0.4396082366547187
21403,0.41678770727908954
21404,0.3271677796895358
21406,0.41985801428610975
21409,0.40409421034168036
21410,0.4165556867217908
21412,0.4158328130876003
21413,0.39719414082741644
21414,0.41814230284012716
21415,0.44001892144589905
21417,0.32826799799500467
21418,0.36854429706949604
21419,0.32262909470038154
21420,0.3895879689190397
21421,0.43473089861532876
21422,0.3506580841770801
21423,0.34237072372591826
21426,0.34781068891808753
21429,0.295031108062065
21432,0.30900592435641255
21433,0.39637594127300224
21434,0.3942422190820849
21435,0.4097249811783459
21436,0.31101507165008535
21437,0.35059032311177385
21438,0.442202065421687
21443,0.36729854316003574
21445,0.4116134847753489
21446,0.3306676580952767
21448,0.4590659696839874
21450,0.36090893693724246
21451,0.4048770956261072
21452,0.4073378623049293
21453,0.4455006165123544
21455,0.35834445249910474
21456,0.35080952286865996
21458,0.3463559529225814
21459,0.38822850874654835
21463,0.4219267016214217
21464,0.4550457724644785
21466,0.36556692018301573
21468,0.41891946542443437
21470,0.31434384374768276
21473,0.41758600087201614
21474,0.37587375945395485
21476,0.42632951277628806
21478,0.33294246149582996
21479,0.4061818864252218
21482,0.37940422455405154
21486,0.38684189185541706
21487,0.3896864418227528
21488,0.4137212480411166
21489,0.3792655577589039
21490,0.4277578702869196
21492,0.3790751634231722
21493,0.44866888883986566
21495,0.3949325294578185
21499,0.3940616540045442
21500,0.33085600748443167
21503,0.42461971083106265
21504,0.4049581536313671
21511,0.2819557351555413
21513,0.43032128893465393
21514,0.2891033247824228
21515,0.44336703284736134
21516,0.41910983497487586
21517,0.3237921750301499
21519,0.3719742240989447
21521,0.38104881912118627
21522,0.4377773995962374
21525,0.3663918894760292
21526,0.4423474685145984
21527,0.41194507372328687
21529,0.3252411989864877
21530,0.28858071240455985
21531,0.44261393843417074
21532,0.43250454114324743
21533,0.39679262309154384
21534,0.35694372514109746
21538,0.40926103140348413
21540,0.41633909604425395
21542,0.41241031386469074
21544,0.3853940046656979
21545,0.3550766713352778
21547,0.4181354276767371
21548,0.4188736427651535
21551,0.4086930073722638
21552,0.46409489427005624
21556,0.420476264137361
21557,0.3510128453844113
21558,0.3662845604026152
21559,0.41841631885138203
21560,0.3642315487948228
21563,0.3507550964666965
21567,0.39355784173845587
21568,0.2957451837082145
21570,0.39518640379469683
21575,0.38934211719980594
21576,0.43998953961502635
21577,0.30993267746811654
21579,0.3106830108335575
21580,0.30456992854499987
21581,0.38602550744304076
21582,0.4204421919407737
21586,0.4308699117245007
21588,0.4335359345396268
21589,0.40754167325417767
21590,0.3955507531372713
21592,0.39076522315576073
21593,0.41444075834252003
21594,0.4587493885478201
21595,0.3486183918961307
21596,0.3607471587831864
21597,0.33121343291848254
21599,0.41701804273461973
21600,0.32216170216024886
21604,0.38935607109218834
21605,0.3929151438529525
21606,0.43057881952113997
21607,0.3656991274157665
21608,0.42853302768149354
21611,0.3517275812519432
21612,0.4190678996623973
21613,0.35151273986792997
21614,0.43870158648281016
21617,0.3995752618633587
21618,0.4205178699927654
21621,0.37445265068464784
21623,0.33059280366094945
21624,0.4031386181862593
21625,0.4228023867792538
21626,0.3746816039372582
21634,0.4391989106903318
21636,0.3878998839714042
21638,0.4241850889942748
21641,0.45464439091970954
21643,0.37500656317169745
21645,0.38061578400554286
21646,0.3300840447340624
21649,0.4267728630509979
21650,0.3773451212408018
21651,0.324590825480052
21652,0.40911384114372684
21653,0.4036133643322598
21654,0.3585583205654168
21659,0.38043485309697156
21660,0.3280794155245567
21661,0.39980692876918367
21664,0.41379818804680646
21665,0.3647645010956243
21666,0.45991703678529405
21669,0.37806060981867295
21671,0.40247652641750564
21673,0.40849849208542
21675,0.39819292660812566
21676,0.4100772475948694
21677,0.40623772506053274
21678,0.4104343653455391
21680,0.40797547174144666
21681,0.4023661181975018
21683,0.3429343065929722
21684,0.41880664227492403
21685,0.3377164799562707
21686,0.4516111978121063
21688,0.4328186869863653
21689,0.3854666863136432
21690,0.3804585337656152
21692,0.4204451221748412
21693,0.4104263088950444
21694,0.34961892469343875
21695,0.47647250658480905
21696,0.41882577944009713
21697,0.39225998769193493
21698,0.40521511125054066
21699,0.4130800021348766
21705,0.41737589511700596
21709,0.45693637630576467
21710,0.3388866338508348
21711,0.42814674681043685
21714,0.3948155144244594
21715,0.44542182871646036
21716,0.39028986747203276
21719,0.40803393198183335
21721,0.42604033771376676
21723,0.36349829191427185
21727,0.4385461858243995
21728,0.3934554241767134
21729,0.4214812189035868
21730,0.2882101084060801
21731,0.4517221628626603
21732,0.3908024891154535
21733,0.4112959603854103
21734,0.3263535074368177
21736,0.3799935258340663
21737,0.4023195061077487
21738,0.4611959183361178
21739,0.3641762664961432
21741,0.42929633052832217
21742,0.36696349605073625
21745,0.4533568143067187
21746,0.3492106391515914
21747,0.38700874059488755
21750,0.3860074701996665
21751,0.39261615909596725
21754,0.4022104942238177
21756,0.41594826500149884
21757,0.39819160561297223
21758,0.43994388733580736
21760,0.4116036469461406
21765,0.4090188105133256
21767,0.40425208254666434
21768,0.3414740530698229
21769,0.39551475728821545
21770,0.37500329177633496
21771,0.4004183467971604
21772,0.4257793672181699
21773,0.427786903371518
21774,0.3798836465674045
21775,0.40363694877712564
21780,0.42196713250251644
21781,0.378515428013484
21782,0.42814389014967713
21790,0.4176720804961953
21791,0.41863548309928333
21792,0.412268519905281
21793,0.4272069819332942
21794,0.39136778940454686
21796,0.36690010497372005
21798,0.36557308220375584
21799,0.4015341371012786
21800,0.4022904431287158
21802,0.4185864435622621
21803,0.40830117076274086
21804,0.39372238195970943
21805,0.4022906824880603
21806,0.4132595464253512
21807,0.42230365754685695
21808,0.4086672537972018
21812,0.39526679305261714
21813,0.298726969229441
21816,0.39695040706020246
21817,0.36182882254175913
21819,0.4371719731717461
21821,0.315608662752184
21823,0.4124961717025458
21826,0.43705551136248144
21827,0.3903648013751839
21828,0.40830085729446974
21829,0.32602250060322185
21831,0.31286311432801917
21833,0.40088546373620526
21836,0.43040686744299916
21837,0.3380302354402077
21838,0.3414601034020492
21839,0.34038968496949085
21840,0.40798070320210833
21844,0.3995852099616529
21846,0.38397953444939903
21847,0.2504575082817579
21848,0.39778286512858707
21851,0.42769349614311175
21852,0.4450950944300685
21853,0.3952509952210281
21855,0.41843677279171027
21856,0.415400670662174
21859,0.4474124959574691
21862,0.3909795123309666
21864,0.36455884318968323
21866,0.43056450712254857
21867,0.4051855196001345
21868,0.40266311864624105
21869,0.39581520293693734
21870,0.35495851989866156
21871,0.3811245423127565
21872,0.368010286004101
21873,0.4211599609064868
21874,0.4165348659435571
21876,0.3609278374895128
21877,0.4100821435271479
21879,0.3772721195310434
21882,0.3806106468096159
21885,0.41263838688123
21886,0.3597998200798707
21887,0.4064345679835163
21888,0.4334241917087703
21889,0.38599475148673795
21890,0.39144083158136433
21893,0.4095743909938171
21894,0.39038092181967876
21895,0.4236315836204223
21896,0.42738781220240407
21899,0.4129680370147324
21900,0.40776225756656304
21901,0.3774188317445389
21903,0.37229043685188773
21905,0.32631213465697134
21906,0.4185533614718013
21908,0.332137588698861
21910,0.4273681746833995
21911,0.41998558639588646
21913,0.44443990503366965
21914,0.3868425781327036
21916,0.38904276430590295
21918,0.43332059812951784
21919,0.45301154956266576
21921,0.3562954965399654
21923,0.3586680876587416
21925,0.34898127382630717
21926,0.44584141951232514
21927,0.41181957723380114
21928,0.3819370631729707
21930,0.36223823357778057
21931,0.4024912225869224
21934,0.4390387449919727
21935,0.3399303915472025
21936,0.39948861674211533
21937,0.3924763263742349
21938,0.34938898884316405
21939,0.43260696941262733
21941,0.391247573456713
21942,0.4387978317164475
21945,0.3706913317761211
21946,0.36149053977295176
21947,0.4272366687940602
21948,0.30265746737057114
21952,0.275649230350394
21953,0.35211064774681256
21957,0.35518163909712286
21958,0.3696774433820009
21959,0.36909543240169135
21961,0.3976415281016056
21962,0.41349014046542054
21963,0.3745613851041082
21964,0.4123001520899162
21967,0.44325492125993415
21969,0.32238708339231437
21970,0.42658401803469564
21971,0.3537168573369027
21973,0.3982653695384314
21974,0.4004276421974191
21980,0.42400955499883664
21981,0.36448040473064885
21983,0.3983311875061841
21984,0.396392913463281
21985,0.3998910020906373
21986,0.4216649487093926
21990,0.44623630885486937
21991,0.4121960649500216
21992,0.41507238438701727
21994,0.4040306485262238
21995,0.3431713778533605
21996,0.31832324831545644
21997,0.37073994986626657
21998,0.34034969600045795
21999,0.38311988659171015
22002,0.33174870313834315
22004,0.3784336725587595
22005,0.3543998407040869
22007,0.3595220605891555
22008,0.3835244952321342
22009,0.40360961222061625
22012,0.4630095991549119
22013,0.39774845784855095
22015,0.38037684353913037
22016,0.4277629099513803
22017,0.39857888671704167
22019,0.38379933078053174
22020,0.4113021526943441
22021,0.39172661662332636
22022,0.3375317816416479
22023,0.4038709479082906
22025,0.45731503165572374
22027,0.43340948115831357
22028,0.2961159898725491
22033,0.449390545932132
22034,0.371866868284301
22035,0.44764106182203633
22036,0.3944544362256276
22038,0.3833232692770756
22039,0.33769324012796753
22042,0.4488263644832382
22044,0.42051445004233734
22045,0.45637651637113935
22048,0.4669754282555403
22049,0.4606579235686052
22051,0.44960053180735216
22052,0.3653307027841872
22053,0.4210221504423271
22054,0.3739262462465951
22055,0.41699855996267343
22056,0.4150057269707672
22058,0.4341763329665872
22059,0.42736232889840425
22061,0.3648639807623211
22062,0.32245377186355867
22065,0.4214858089598821
22066,0.40880450096664567
22068,0.43682267215291193
22069,0.44294616739393256
22074,0.4496859203848055
22076,0.454212656538157
22077,0.4419836736378943
22078,0.46615728483220564
22079,0.4387907232239087
22080,0.4266749990485982
22082,0.42802925579760637
22084,0.33796935995941263
22085,0.42643316228794426
22086,0.42427211568560297
22090,0.4004734411764519
22091,0.4333294381143715
22093,0.4201910868757693
22095,0.3939505461090145
22098,0.4138520928856543
22099,0.36140923352181276
22100,0.30721420082611206
22101,0.4102143353999357
22102,0.42578686363447993
22103,0.4270928159780246
22106,0.4147070746757685
22107,0.4344537355113992
22111,0.43839123269787755
22112,0.45114410032416236
22116,0.3899637626541354
22121,0.4798471954543078
22123,0.28169723498529026
22124,0.39328660991951525
22125,0.3751527942839188
22126,0.4570377485215817
22127,0.3732365683996759
22130,0.37784926744305414
22131,0.4455734532080401
22132,0.4085394931944472
22134,0.3219392695294996
22135,0.385631731651501
22136,0.4302076115615569
22137,0.46597249073338565
22141,0.3930958656506717
22143,0.41579767948058155
22146,0.42529115585287075
22147,0.4529675742238234
22148,0.45679468348437946
22149,0.3540315603915466
22151,0.4232403199463124
22152,0.41420203100196784
22153,0.3392481804956641
22154,0.4387517074746904
22156,0.44431731000367714
22158,0.3493040531545697
22159,0.444648009960136
22160,0.4347944766317945
22161,0.4379568558620952
22163,0.403165584397294
22164,0.4446881960417745
22166,0.3117208653253295
22167,0.38853233509710705
22168,0.4644531736961427
22169,0.4584051618263455
22172,0.4374119905971938
22175,0.40065532308567975
22176,0.2886036626852907
22177,0.4559608290907513
22178,0.32347037917537075
22181,0.44362582086741853
22182,0.4225454046594204
22183,0.3269761537246193
22184,0.47420635394602906
22186,0.46425529280137856
22187,0.43262433892918856
22190,0.42605413853963026
22193,0.39560761068360467
22194,0.44046610568550715
22195,0.4511089795103241
22196,0.3497265493512279
22197,0.45500630615535564
22198,0.34433515562650013
22199,0.4640094800066283
22200,0.4310663238611391
22202,0.4329831377420955
22203,0.36687699312269406
22204,0.44145865577876564
22205,0.39942370942939415
22206,0.3043702406160005
22208,0.45255756194927005
22210,0.42534230294285136
22212,0.4269683618912796
22214,0.3116041156606418
22216,0.4393580773201146
22219,0.439595514305395
22222,0.41708686851531784
22223,0.4773574766408872
22224,0.4538256579492498
22225,0.4283126677013438
22226,0.30812039006243824
22227,0.45869518337318843
22229,0.4167201534843492
22231,0.44432690828837296
22233,0.4305575917712453
22234,0.4105410776546529
22235,0.33398791323306365
22236,0.31418384650367676
22237,0.4424094132622899
22240,0.3839292431495397
22241,0.33607627619566993
22242,0.448036095325087
22243,0.4439282126013231
22245,0.3355583626662392
22248,0.41822824199634023
22249,0.3890256509208041
22250,0.42370852073540655
22251,0.41341328761675156
22252,0.43435885658228446
22253,0.4247293093184667
22254,0.3985132763372743
22255,0.4228376195538628
22257,0.40392799248344424
22260,0.37667810098783083
22262,0.44574005546799556
22263,0.4376523150808935
22264,0.33914979721950567
22265,0.4050574908229339
22267,0.41246643774552616
22268,0.4381336026047915
22269,0.40610294495781546
22271,0.39223826047206756
22272,0.42864013047758004
22273,0.42791214361725116
22274,0.4251868763974743
22275,0.41045562929349905
22277,0.41771661654944986
22282,0.45346597172852643
22283,0.39636201986019026
22284,0.35765769062936337
22286,0.3752457611029055
22287,0.38879302764246026
22288,0.43031347516177154
22289,0.4438261614208072
22290,0.40436694541714713
22291,0.44190226887429807
22292,0.36477235465264735
22293,0.3464712914584688
22295,0.41880726991698625
22296,0.3589557015824323
22297,0.3758360517713804
22298,0.47015706860168516
22299,0.3788470365803805
22300,0.3753168714551047
22302,0.47650838238692705
22303,0.42264984848639275
22305,0.44862156035264505
22306,0.38481058072896557
22307,0.44587583475003356
22308,0.412255067540532
22309,0.47137955215635674
22312,0.3842602393620932
22313,0.4509982933927979
22314,0.4455555639688161
22315,0.40600439438137037
22316,0.45383209773891797
22317,0.3358736062306438
22318,0.42294255534979497
22319,0.4568386407736761
22320,0.4452352648156056
22322,0.37629482856892277
22323,0.3875905079542025
22324,0.4427188026066915
22328,0.43201788235194294
22329,0.43575937368123663
22330,0.4064911227696886
22331,0.41423630592624644
22332,0.43332980169177604
22333,0.41715733166909963
22334,0.4357796504457533
22335,0.3714827124205372
22336,0.40982792096758225
22338,0.443377965680731
22339,0.4341938677867127
22341,0.35833982416831595
22342,0.36723663661690925
22343,0.42919200178438355
22344,0.3587690462949402
22345,0.4606742562136439
22346,0.40586917274084255
22350,0.4301382211847621
22351,0.40518097146802035
22353,0.367301549585898
22354,0.4169318760133605
22355,0.39774665379067436
22358,0.41329251152709
22362,0.4127218689804126
22365,0.453308871550525
22366,0.4482505785803077
22368,0.47108444458900167
22369,0.28271667632082037
22370,0.3145836509641104
22371,0.4026237396212314
22372,0.4046652930442931
22373,0.45377510508335744
22374,0.34911764292309955
22375,0.4390766070325029
22376,0.2631996284233623
22377,0.4369949878202948
22378,0.440533710789627
22379,0.44697782367816363
22382,0.4365072565295769
22386,0.3823446855566379
22387,0.40614388257258804
22388,0.4387122483322127
22390,0.4415945312880518
22391,0.35774722232494227
22392,0.3982079699430622
22393,0.46793508914597737
22394,0.4416281347183366
22395,0.45295911602610117
22397,0.4190690323914811
22399,0.45666492377540235
22401,0.3879570186324986
22402,0.46767592046186923
22403,0.4333482060978836
22405,0.4411967215026781
22406,0.4441099433950574
22407,0.40638925092736333
22408,0.433841858036183
22409,0.33264954203749797
22410,0.4787717013645646
22411,0.4279436389029806
22413,0.42803612984231626
22415,0.4445211395351488
22416,0.3848893190917731
22419,0.38341216828093505
22422,0.3877378489847908
22424,0.41236725894937
22425,0.386699268242389
22426,0.4346719368978936
22427,0.42794665840554935
22428,0.4237486358972843
22429,0.4023854492629788
22430,0.4053420082193246
22431,0.441142626701015
22432,0.4427332209947762
22433,0.32057954885620205
22436,0.320817713220994
22437,0.37230271071080134
22438,0.4037642125743829
22439,0.415947001459976
22440,0.43562524356996113
22441,0.42896106605037854
22442,0.44661352684646216
22443,0.4081778840081238
22444,0.4309255663738871
22446,0.44263871766257523
22447,0.40173606868164846
22448,0.443493042194952
22449,0.36993295659546854
22450,0.4282388666066544
22451,0.4433580513699146
22452,0.4508957684286059
22454,0.38807233699075416
22455,0.43535800983026296
22457,0.3726767209855879
22459,0.39682252775732196
22460,0.44211699413853767
22461,0.43887425383240763
22462,0.45712900010734914
22464,0.46830546011113394
22465,0.41224742655623237
22466,0.4328412300452379
22470,0.44776986774758926
22474,0.43793650594712136
22476,0.3895858130968992
22477,0.39160725847902705
22479,0.3879171761877227
22480,0.47099244147269204
22482,0.40755166419930244
22485,0.42983527998440163
22486,0.3724398490645312
22487,0.4077799938391249
22488,0.36391262564259574
22489,0.4520816262622014
22492,0.3145559483452477
22493,0.39019600383005215
22495,0.3327164522352989
22497,0.4431611112018472
22499,0.3416153988242226
22500,0.4062929350283852
22502,0.4705762302860548
22507,0.43067092374989846
22508,0.295357498937151
22510,0.3460774580193996
22512,0.4281914169242523
22513,0.388945082122828
22515,0.42606372950533766
22518,0.35850401650261526
22519,0.400765096774925
22520,0.43584305929784295
22521,0.35748788710677326
22523,0.4245692565950746
22524,0.4626008914715818
22525,0.40639216835989395
22526,0.41656384926399614
22527,0.4309623099561911
22528,0.4556512240690701
22529,0.4161072689459677
22530,0.41136318677486
22531,0.4223698484321954
22533,0.4485699764323132
22538,0.425852833844025
22540,0.3146540551311144
22542,0.46827794837692494
22544,0.43144196710778515
22546,0.3693643306200757
22547,0.405291591142909
22549,0.4189040725150246
22550,0.44385138280060166
22551,0.4617959467865189
22552,0.3521815901370144
22553,0.2945092340528874
22554,0.44985384703757614
22558,0.3692688098406307
22560,0.4073185382484893
22561,0.36567309525975145
22562,0.47539629143272316
22563,0.47759160438254145
22564,0.43127135160428953
22565,0.423468703405463
22566,0.3950268007586634
22567,0.4036679067881323
22570,0.40753271244652467
22573,0.3895861906520776
22577,0.3077951382264326
22580,0.47594912119414196
22581,0.4447063417060786
22583,0.45538607898543015
22584,0.4660890133107382
22585,0.44409221082127626
22587,0.4266954365479785
22588,0.3991148941403873
22591,0.4558868081221702
22592,0.39881532183064805
22593,0.45855639826766476
22595,0.4470083499662657
22596,0.4327317407860916
22597,0.41918624017874684
22598,0.434392974791472
22599,0.37722200328411637
22600,0.38727827622376054
22601,0.45103959092047874
22602,0.42619507030680337
22603,0.4470996615576732
22604,0.46057446605155367
22605,0.3423887094298212
22606,0.30408047628892715
22607,0.4039002307725119
22608,0.4191930877930997
22609,0.4132583380439801
22610,0.36565240087414536
22611,0.44238717088676593
22612,0.4626595234369604
22613,0.4220933760573964
22614,0.43845461487098625
22615,0.37511323788654594
22618,0.4116285544447216
22621,0.4087700884486771
22622,0.40234943190125355
22624,0.4435314804988674
22626,0.4541780087234716
22627,0.4091015821819358
22628,0.43247499286549596
22629,0.4488829366017001
22630,0.40774704914177784
22631,0.3942812349998477
22633,0.41355602987257034
22634,0.4466047376188571
22635,0.4260628489554117
22637,0.3555259452015407
22639,0.4289329533532989
22641,0.44149998706273663
22642,0.34758051909414717
22643,0.47098603658568594
22644,0.4366821319185843
22646,0.39667941676373364
22647,0.4703836046614108
22648,0.4405421297432648
22650,0.45755587877192466
22652,0.43053100898839813
22653,0.40613825527440517
22655,0.3932788608190738
22657,0.36569071148468857
22658,0.4053820767594868
22662,0.40245161456002077
22663,0.43265830000211325
22664,0.4031050511304295
22665,0.4839792901299247
22666,0.4015286485363592
22668,0.40106050790270387
22669,0.4151543289921702
22670,0.39767596892259044
22671,0.3821935235079432
22672,0.3695463899875592
22673,0.40145846521882067
22676,0.42739756750106583
22678,0.4057830128873164
22682,0.4424518237215418
22683,0.46586317277122946
22684,0.44913499595293843
22685,0.4398632219175099
22686,0.4641019786998164
22687,0.4430256732625508
22688,0.4292130333930072
22690,0.42710823547038934
22691,0.4257988843270714
22692,0.41725682113530205
22694,0.4283977103544199
22695,0.37213537757905335
22696,0.29820614137540696
22697,0.3856426210126474
22699,0.44282034521059044
22702,0.4895539946999772
22704,0.44832704395985057
22705,0.4269453408106004
22706,0.4327079463073428
22709,0.35099963283700764
22711,0.36219531782506476
22712,0.4290669155919581
22714,0.40668762819633564
22715,0.3509763505768686
22716,0.40607490645961464
22717,0.4273467679520982
22718,0.40804841955002935
22720,0.4477472148340732
22721,0.36094346696097235
22724,0.3851057496737976
22725,0.4507700463404636
22726,0.482166057569889
22728,0.39455713840191164
22729,0.37951873812004805
22730,0.43688765502665355
22732,0.4534957524717222
22733,0.4353568916813306
22734,0.29489053339226146
22735,0.38585956403288474
22736,0.44753297373952944
22737,0.3685926830259981
22738,0.3533224566321139
22739,0.430086564772961
22740,0.4529234751286705
22742,0.3819529316661515
22743,0.42435667527585574
22745,0.42159368119379437
22746,0.3423231284506896
22748,0.44839359593308525
22749,0.4065069312759301
22751,0.32259024895922894
22752,0.41917770075234856
22753,0.46708284504701536
22756,0.42957543055880476
22757,0.3075925683507387
22758,0.40525299237242596
22759,0.41291811809677414
22762,0.3882879786873853
22763,0.45985878121455914
22764,0.4341240373571139
22766,0.40080947943340317
22768,0.323025036937705
22769,0.4208740255976806
22770,0.4222691403252543
22772,0.4524046643633577
22773,0.44113775967266167
22775,0.37931318636147776
22776,0.44118400453906537
22777,0.41334210954199524
22779,0.3764142508755084
22780,0.43490934879140464
22781,0.45965544680106457
22783,0.4923847996167541
22784,0.42471985657401756
22786,0.44567739213135726
22789,0.33946054156178407
22791,0.40297732148266074
22793,0.3632830082783802
22794,0.4118781265156655
22795,0.3898037488197511
22796,0.3537743003280389
22798,0.4401567520252806
22800,0.38031150871685115
22801,0.43809315471026156
22802,0.45662725143685756
22804,0.388535707830301
22808,0.46134733746807716
22810,0.42939356260118633
22811,0.41191566635039445
22812,0.33560965697105294
22813,0.4789124428590853
22814,0.294061832771522
22816,0.4214085980444927
22818,0.42476865654314044
22820,0.432538902711071
22821,0.43507246122531795
22823,0.30359743228778
22824,0.32432944856209706
22825,0.4157288804301967
22826,0.276413726168027
22828,0.39917282135494137
22829,0.44169007402984367
22830,0.3825906069046541
22831,0.4578159895034203
22832,0.42206300940098507
22833,0.3698621465367763
22836,0.45518692187491405
22839,0.39998878106542446
22840,0.3715424275812178
22841,0.36901412494514146
22842,0.4303405979459608
22845,0.4348063062837729
22846,0.3791773161955708
22847,0.41134323526539607
22848,0.41324416153551863
22851,0.38043693580503096
22853,0.39898524091185017
22855,0.43201223885289974
22859,0.4364822345361119
22860,0.4333088248574647
22861,0.4822003772432572
22862,0.46927360857129186
22864,0.3288731408840202
22865,0.3551543688166776
22870,0.43302992208712254
22871,0.4382109260479188
22873,0.389931609685245
22874,0.45290731882174756
22875,0.3725766334168421
22876,0.4411995041091634
22877,0.4052392186614974
22878,0.4169887279195862
22879,0.4256913310833168
22880,0.39885746499932606
22882,0.4303142113501943
22883,0.4722616488255942
22884,0.41801116713678643
22886,0.3878030299030525
22887,0.4306335071009608
22888,0.4417632419704047
22889,0.4249979762341448
22890,0.44284297242085713
22891,0.38002841921461883
22894,0.4445209905297782
22897,0.44037212518839275
22898,0.43556210202011475
22899,0.4335274879141041
22900,0.35323070932630773
22901,0.3333983219970275
22904,0.4198746598573404
22905,0.46532202805272693
22906,0.42597999256732233
22907,0.41379272276003676
22908,0.44179211440904415
22909,0.383683240234804
22910,0.40330583556353916
22911,0.4302131761082147
22913,0.4807341503356367
22915,0.4423012761957961
22918,0.37598364987837585
22919,0.444247438453354
22921,0.47616267256990297
22922,0.38561770299045267
22923,0.3206057026885496
22925,0.41285344809785307
22926,0.36948758433895046
22927,0.4546849182575
22928,0.4310409829557933
22929,0.42073678635137174
22930,0.36265245808205565
22933,0.46798309328374244
22934,0.37741656201351786
22935,0.3445470245037356
22936,0.42954055799662416
22937,0.43728193791346576
22938,0.44352979548228066
22940,0.43338032389302744
22941,0.4753477933994813
22943,0.41751181276174537
22945,0.47556246678981684
22946,0.40713359484290174
22947,0.3894105085038748
22948,0.4213256445223613
22949,0.38131683572671216
22950,0.46145911510403304
22951,0.40989761800345037
22952,0.3556029146717413
22953,0.406465288767705
22954,0.4106934005536931
22955,0.44465416227176746
22957,0.4451734772438761
22958,0.43379613888434887
22959,0.4039662460464328
22961,0.43633704200406287
22962,0.46604456633493285
22963,0.4349145781321321
22964,0.4415981631592083
22965,0.38327087395199133
22966,0.3838700554009603
22967,0.39919789950023365
22968,0.4654279853887881
22969,0.38812308884750873
22970,0.38781379483772993
22971,0.4612772777824913
22972,0.45545012996838685
22973,0.3789828081445938
22974,0.4293404402614569
22976,0.43118736848749817
22977,0.4263279562272961
22978,0.4270676109602103
22980,0.42693497976490713
22981,0.3572915800920957
22983,0.368708666556798
22986,0.3915292480049435
22988,0.4897231253353986
22989,0.42154361248441885
22990,0.4045147837923162
22992,0.4281268794633012
22993,0.41489528006628773
22995,0.41948541108532034
22996,0.41747047343514876
22997,0.31439956395520535
22998,0.4376029207609836
23002,0.4074604300555403
23003,0.4519351413551304
23005,0.3372060182538602
23006,0.4142932153358292
23007,0.3760641811936706
23008,0.4003883870907999
23010,0.3829136985846119
23011,0.3585926322756256
23012,0.39183753876066874
23013,0.4188608568988289
23014,0.3712885799138169
23015,0.4253811311241077
23020,0.4653326679084202
23021,0.38593262700776504
23022,0.39526001565630303
23023,0.3656288911547185
23025,0.49144863641215175
23028,0.47585837425444183
23031,0.38748260523676037
23032,0.46565732560112727
23033,0.4375642745696451
23034,0.378100950272612
23035,0.3489055870212754
23036,0.38448937104974634
23037,0.38964265236448703
23039,0.44344115467247736
23040,0.4058816753934267
23041,0.4076600661109011
23043,0.46164814422412515
23046,0.4359607263161164
23048,0.39192132990197914
23051,0.3672821571289562
23052,0.4453648719765846
23053,0.44345964269108207
23055,0.4656224070773407
23056,0.3628060431423306
23059,0.4447290455367807
23060,0.3997792535740429
23062,0.3709674500668474
23063,0.41477410153909644
23065,0.4462714274041669
23066,0.4614532228351663
23067,0.3979143351367248
23070,0.4168838500345772
23072,0.4477746956405413
23073,0.37216773777654155
23074,0.45161421906595767
23075,0.4326553724083484
23078,0.43642766607669203
23079,0.3894596615610971
23080,0.44777643842281256
23081,0.38677383469361265
23082,0.46374808194633044
23084,0.36989720674405846
23087,0.354680738111754
23088,0.4605404110258274
23089,0.44780356626194573
23090,0.37943442708988173
23095,0.4264997902490613
23097,0.3932025816397322
23098,0.38381329216444404
23099,0.4138272877042256
23100,0.4400830265285502
23101,0.43511997229796706
23102,0.43059882790076764
23103,0.43856285989914756
23105,0.41712188511263026
23106,0.4146711817377061
23108,0.3451095707280986
23109,0.3965085934943741
23110,0.41606224693872396
23111,0.46190722232368875
23112,0.3638838518675874
23113,0.34387947237462835
23114,0.43969107332856805
23115,0.46068208956174705
23116,0.3732951974480184
23118,0.42707183940640236
23119,0.33617303978582197
23120,0.4332504984598293
23122,0.3875735701737997
23123,0.4482139590980023
23124,0.4165141831525704
23125,0.3957612049855227
23126,0.36629174663030206
23128,0.4518739184249795
23129,0.37323071725180745
23131,0.394814673608778
23132,0.46695752742567
23133,0.4575450885374833
23134,0.4471205979228525
23135,0.47259260489365396
23136,0.42983370368794516
23137,0.3923969889886964
23139,0.3542596041172807
23142,0.3392619904169334
23143,0.4586103155682614
23146,0.4499429706288696
23147,0.41113745275429636
23148,0.43488743893159953
23149,0.4501423379699331
23151,0.4145189250268364
23152,0.4420703032680829
23153,0.4440442022763348
23154,0.34774581767785046
23156,0.44586205957413316
23157,0.3968479646600837
23158,0.35033031923260055
23161,0.4132568025813791
23162,0.4151683935413166
23163,0.44897350698058813
23164,0.4656926520386974
23166,0.4538301866590496
23167,0.4427112978466017
23168,0.4468011284176445
23169,0.4195507205759609
23170,0.4280262781352314
23171,0.4064302618244122
23172,0.3671661056338599
23173,0.3948018278722304
23174,0.45813700476788366
23176,0.42590981933416017
23177,0.3889061698337778
23178,0.3829950070022978
23179,0.4532007222268849
23180,0.3408448458378986
23181,0.3809613272024289
23182,0.4506123661917754
23183,0.3614897600327206
23184,0.48587163490007335
23185,0.4314911679370538
23186,0.41024479180013684
23187,0.42004138815321496
23188,0.44859734692218023
23191,0.4224320087896214
23192,0.4158379169457033
23193,0.39032931960420414
23194,0.3857691317125527
23196,0.4254037062897308
23197,0.394730579356423
23198,0.36873201871294053
23199,0.4039576126758807
23201,0.41471524365792234
23202,0.3912195949520275
23203,0.40370734063590497
23204,0.3729006845623227
23205,0.4067742593750112
23206,0.3930810338833392
23207,0.3404879139996911
23209,0.41222036872290546
23211,0.42630678879861017
23212,0.38207627887162726
23214,0.43236930074747926
23215,0.4097513337525752
23216,0.40183444771216853
23218,0.43464412317766765
23219,0.41733871489953706
23220,0.43434217690111776
23221,0.33836725478307683
23222,0.41263288723193725
23224,0.42925339886836744
23225,0.28877570338348646
23227,0.4059841417756177
23228,0.37754098658301066
23229,0.46750709256864653
23230,0.47328095950458676
23231,0.4662727636721794
23233,0.39724794693014365
23234,0.4354263670325126
23236,0.42232963733533013
23238,0.3938445794775691
23239,0.34106377493533446
23240,0.4280128066977344
23241,0.4239703197597117
23242,0.4404112272839442
23245,0.4182223775397321
23246,0.41039599203478916
23248,0.4326700044431192
23249,0.4867113403803392
23250,0.3440901314217808
23251,0.450979220523738
23254,0.4349634825349945
23255,0.46743537174471383
23257,0.4830909747041541
23258,0.44820207218923225
23259,0.3416369043023558
23260,0.44397284350401867
23262,0.4243652155402532
23264,0.4243007339734659
23267,0.4309490754416443
23270,0.4029009445370908
23271,0.42143495107510887
23273,0.3903476537465734
23274,0.40527874464543107
23275,0.45012596166412927
23276,0.3934543886316094
23277,0.4343399988040253
23278,0.43894133814195724
23280,0.38845543624933665
23282,0.4423706705642734
23283,0.43408882602958554
23284,0.4121251013947956
23286,0.43507992034551146
23287,0.4646480586791119
23288,0.3497238567160538
23289,0.4428616108035114
23291,0.3185068561545123
23293,0.43220041596534586
23294,0.4292521329612768
23295,0.42618823684912027
23297,0.3702366461272922
23298,0.3771372633997745
23299,0.4434814983497384
23304,0.4421366937140544
23305,0.411063856647112
23306,0.43315857174231154
23307,0.3804391002658607
23309,0.4576483753156906
23310,0.3900459740766724
23311,0.37925852888788064
23313,0.3790752831343043
23314,0.40493744491983913
23315,0.4236849249184742
23318,0.3004252440939671
23319,0.39558559846882785
23320,0.4452605530522773
23321,0.4127171540266582
23322,0.39415440009331104
23323,0.46911872941199206
23325,0.41597847944599947
23326,0.26616376687251
23328,0.45043641004553064
23332,0.3008625011631303
23333,0.36767186311330713
23334,0.47241518397731486
23335,0.4052532921415139
23336,0.4297593696489562
23338,0.38329122537356536
23339,0.44111648383992635
23340,0.35392520778182884
23343,0.39517403225225695
23344,0.44365872123219074
23346,0.38496993903430454
23347,0.35979642414749213
23348,0.419268670438642
23349,0.40441487815356103
23351,0.33672186226292944
23352,0.45308614612909726
23353,0.4583120447398727
23354,0.4354699518811348
23356,0.4834585896546918
23357,0.4208367872832164
23359,0.4055194160558341
23361,0.36200220887967194
23364,0.4461004170292157
23365,0.4583459876998715
23366,0.4715207627497468
23367,0.3929693993284562
23368,0.4428758995894938
23369,0.40476474659373646
23371,0.46284751447584027
23372,0.4234380554356171
23373,0.42795406823795457
23377,0.40639314056148174
23378,0.38675315924327724
23385,0.3748392914446848
23387,0.3815373081445247
23388,0.4354271980894737
23392,0.3754621448270924
23394,0.43784861459577407
23395,0.4320272790337578
23397,0.3679500121517629
23398,0.34686379788215743
23399,0.4267887103389467
23401,0.4571175725992641
23402,0.4262277336603484
23404,0.4042146954762197
23407,0.4415248254169287
23409,0.43018688480358797
23410,0.422714175770475
23411,0.3040252050140189
23412,0.4138499556731261
23413,0.34490202800051
23415,0.45324722482813273
23416,0.4487951250658113
23417,0.422323128776367
23419,0.42502310390838277
23421,0.40824587341718155
23422,0.3151705048273003
23423,0.3854909912320337
23426,0.4194473065669804
23427,0.36862949578354365
23428,0.4322638571678533
23430,0.4072898952001732
23431,0.45020347986721115
23432,0.425910508748226
23433,0.307275786003957
23435,0.44600097483963397
23436,0.4059523758155482
23438,0.3835598657687906
23439,0.3584012796816983
23440,0.4030614075533655
23441,0.34284324675697553
23442,0.4056910764805669
23443,0.39108254445362334
23444,0.4119654599966979
23447,0.3728866673207335
23450,0.4497805845327817
23452,0.42110237008598594
23453,0.44936530935515584
23454,0.4062002242470636
23455,0.3777642375762169
23456,0.366005449823774
23457,0.43005468604810415
23459,0.4345850567183539
23462,0.4176647038638185
23463,0.4026745774339764
23466,0.39486301256066036
23468,0.42029713569698834
23469,0.39348471308480126
23470,0.4032318101050708
23471,0.45665949578238313
23472,0.457856899528575
23473,0.373796542053681
23474,0.4395079446108775
23476,0.3701943459654398
23477,0.43030003795357974
23478,0.43714250038779445
23479,0.4348896195138352
23480,0.3624447161564515
23481,0.4326145922256649
23482,0.49023678456928704
23483,0.35383143128889
23484,0.4342192828443977
23486,0.386472748113324
23487,0.4225223278325678
23488,0.41716631795292597
23489,0.34884125525974374
23490,0.4325610647840352
23492,0.4258070118500833
23493,0.3602369806618898
23494,0.45339203566805003
23495,0.45005958589026795
23496,0.43021524819824924
23497,0.41861242883019223
23498,0.414857767249433
23499,0.4179702106134806
23500,0.4397029999992899
23501,0.34259173581250335
23504,0.43103128732155827
23505,0.3683353330404991
23506,0.4295237571954429
23507,0.4545583150210957
23508,0.39622640697015454
23509,0.3868120476693484
23514,0.4184609671060746
23515,0.298959151164239
23516,0.3606850018260613
23517,0.4326598996815831
23519,0.4658373323752256
23520,0.422734078438634
23521,0.432291609514667
23523,0.45343462597458917
23524,0.45073458898495067
23525,0.3341170620512956
23526,0.3920123188728898
23528,0.4211380779102169
23529,0.45030726560566303
23530,0.43723393473644667
23531,0.45914193216338334
23532,0.36576170602359676
23533,0.33187568689005
23534,0.2979201436007887
23535,0.4486994403456747
23538,0.3530124682875511
23540,0.36070720978071474
23542,0.3203986112884106
23544,0.4382043410051446
23550,0.42415558700421013
23551,0.4280549475959459
23552,0.48313911078542837
23553,0.43285622202417107
23554,0.4425634508669206
23556,0.37712438077089416
23557,0.30360471303542386
23560,0.4714037725151017
23561,0.4126230541605912
23564,0.3483887097123731
23565,0.39204862811212965
23566,0.4636485693169403
23568,0.3969091462621659
23569,0.3447694430139524
23571,0.43417555804307006
23572,0.41869060833900407
23573,0.4289665612814557
23574,0.4393200010717482
23575,0.43224647095863394
23576,0.409531836828605
23577,0.44960703401530583
23578,0.4484426122089691
23581,0.4523666324022515
23582,0.410990244023136
23583,0.3649983185537894
23584,0.41493434439586097
23585,0.3978119883958368
23586,0.3838046574528804
23590,0.3710498614826063
23592,0.332816504900158
23593,0.43869212941296887
23596,0.43057701980107776
23598,0.39599127147472823
23599,0.4074460164910575
23602,0.456137345027138
23603,0.4635746461031953
23604,0.456046086811996
23606,0.3820026643159684
23607,0.3624158052512134
23608,0.3864327850382987
23609,0.4798554596324909
23610,0.4703803534093828
23611,0.4091355292406044
23612,0.34662512891688485
23614,0.4113107931284678
23615,0.4509009128001571
23616,0.30822332097434946
23618,0.38442931447695183
23619,0.3950658637527845
23621,0.43010634809259984
23622,0.44492493428776336
23625,0.42736410339119696
23626,0.442745169682765
23629,0.362097352847325
23632,0.36055398752732776
23633,0.4147368279168685
23634,0.4804179484493418
23636,0.3180997630524012
23642,0.3653107009879155
23643,0.3791310406629024
23645,0.4451146913569502
23646,0.4387064670017712
23647,0.41676786335028615
23649,0.3785551350076334
23651,0.42849614012519643
23652,0.4321259986098982
23653,0.43072073478209194
23654,0.4609669674458462
23655,0.424272607827081
23656,0.4302995427378673
23659,0.3920856813266386
23661,0.4156995911844197
23662,0.39472666323490474
23663,0.3753771962830634
23664,0.42697789403742115
23665,0.4074704736260129
23666,0.4574827936234204
23667,0.4434447767753156
23668,0.4400475381635636
23669,0.38883051457609796
23670,0.3679726059400049
23671,0.43095647393472125
23673,0.4637931820857405
23674,0.4191572772905185
23675,0.4009536162576003
23676,0.45175658113899636
23679,0.4528131789518961
23680,0.3929410836114231
23681,0.42442522243744263
23684,0.44361524226191523
23686,0.43118563441239477
23687,0.4067387262537262
23688,0.402498389196393
23689,0.45655643743180996
23692,0.44832823676016215
23693,0.41119052560597835
23694,0.46096687369702016
23696,0.37064396335595273
23697,0.37371506508381636
23698,0.4522683772113411
23700,0.415767414542082
23701,0.45961957363982753
23703,0.41640196895007253
23704,0.4795710139436208
23706,0.3991491315252789
23707,0.42075300494863566
23711,0.4279344710964963
23713,0.46490673429748736
23714,0.426622821336241
23716,0.33413711849051125
23719,0.4212080309092042
23721,0.40391237384492457
23722,0.3212031961301615
23723,0.3537425349862871
23724,0.41423453546707756
23726,0.3288600267725947
23728,0.3697719789654681
23729,0.458221602813738
23730,0.4577296719236712
23731,0.4422839676068402
23733,0.44103054343472486
23735,0.3900638267728865
23736,0.40253394559325345
23737,0.3619246630035406
23738,0.4491329845382156
23740,0.39319671900050723
23742,0.3809809731958486
23743,0.41957406918019113
23744,0.3444293269067515
23745,0.43979827894040024
23748,0.44195423009656365
23749,0.4322454748882413
23751,0.42771799157226686
23752,0.443385606720619
23753,0.4063475942945981
23754,0.3585691876986011
23755,0.38683370203828243
23756,0.33458363226825644
23758,0.4240569852932786
23759,0.4152862729601362
23760,0.4217984345706491
23761,0.44919172725007933
23763,0.3959083818717205
23764,0.42277608842402925
23765,0.41234815506541145
23767,0.431826117412741
23768,0.4341326358123286
23769,0.36454155231258345
23771,0.39121096242130243
23772,0.4225390117216675
23773,0.40368798465531025
23774,0.40603596021755795
23775,0.378834209628768
23776,0.3913499126038701
23777,0.34314025560028316
23779,0.43665032497704737
23780,0.3838493389936791
23782,0.4560604826179845
23783,0.40229185119165967
23785,0.4156108187341024
23788,0.4255058331123214
23790,0.3717948307281935
23791,0.418322722538111
23793,0.4256431569027025
23794,0.4471811442206575
23795,0.3947993757662469
23796,0.37855003317046493
23797,0.378058132012277
23798,0.3469728771876635
23799,0.4210447502253769
23800,0.44006219154123893
23801,0.4358786211771038
23803,0.3998541441138177
23804,0.393184230168663
23806,0.46381390535624806
23807,0.38445266005644896
23808,0.39590619858111953
23809,0.3760783868846521
23810,0.4255266432189404
23815,0.4276723519970791
23816,0.37903653008056837
23818,0.4650148204990783
23819,0.47196643820704
23821,0.423967355361001
23823,0.4386127748182197
23824,0.46038906293820436
23825,0.4032226664980667
23829,0.3950593248968053
23830,0.46991556129230644
23831,0.3178961254180413
23832,0.46047279122834056
23833,0.4229004125852419
23835,0.40168614675885006
23836,0.43703250342574396
23837,0.3495765167626287
23839,0.38936715760186547
23843,0.44611932603998916
23844,0.35106555418472224
23846,0.4065035894566741
23847,0.42355701037928273
23848,0.4161797181423229
23852,0.42060580301143513
23853,0.39939361842036575
23854,0.4145842996544856
23856,0.42691670195388554
23858,0.41238294685702187
23859,0.4650519408703814
23861,0.4501374168263834
23863,0.4271370838515635
23864,0.4425598661627389
23865,0.3803573707361459
23866,0.4069888959205803
23867,0.4577219817453604
23868,0.3670904692331225
23869,0.3358937962524602
23872,0.44815201678131916
23875,0.4330952786446297
23876,0.3273025163468479
23878,0.4291697652649322
23879,0.423401376844623
23880,0.41647575520053776
23881,0.4428980497909599
23883,0.37449121038728606
23884,0.43648944530619505
23885,0.4325525310191123
23889,0.35949734859645993
23890,0.3822376333628947
23891,0.4294382448090486
23892,0.37753485807333076
23893,0.45729768044433455
23894,0.40239153798112215
23895,0.39464232081524886
23896,0.4101899861396596
23897,0.3883435442867137
23898,0.39999376203237197
23899,0.37529965284943023
23900,0.4014125855871734
23901,0.5079800124729859
23904,0.5055927503793185
23906,0.5098325366024457
23908,0.5164975646807581
23909,0.5020826834698979
23910,0.5171983312818719
23911,0.47748680852264525
23912,0.4553029130678702
23913,0.5131028264435322
23914,0.5136684318417473
23915,0.4559075609327497
23916,0.5006259775597182
23917,0.5011487054577379
23918,0.4702063825903089
23919,0.5027328447632184
23920,0.5149257585790435
23921,0.5019956278092034
23922,0.5075270071835244
23923,0.4781663402879567
23924,0.503769155361072
23926,0.49976241458399195
23928,0.5139067423503277
23929,0.5048319615905996
23930,0.49727478010366
23931,0.4459858299532091
23932,0.4991103873380987
23933,0.5020921192303504
23935,0.502296226645784
23936,0.47871681750038536
23937,0.5145183371628674
23938,0.428109899056141
23939,0.5000383067641663
23940,0.49595859776378104
23941,0.4960494043996233
23942,0.4036317304156264
23943,0.46304279796362013
23945,0.4584876128585228
23946,0.5171482052140802
23947,0.5092610537627431
23948,0.509521960277956
23949,0.4890876874236444
23950,0.5134908233889992
23951,0.47479222257478687
23953,0.505995401932202
23955,0.44505418630779636
23956,0.49756405235643364
23957,0.4982856985156807
23958,0.49826449241550286
23959,0.5120407499844987
23960,0.4983277199640087
23961,0.4995613203181023
23962,0.4496181746891311
23963,0.4951173119108036
23965,0.4955425830533966
23966,0.42435517409665285
23967,0.5162586909283989
23968,0.4980192015794703
23969,0.4948205858312869
23970,0.5047431155378849
23971,0.49370255677852726
23972,0.5099270049970731
23973,0.49113197154779475
23974,0.47829679571058903
23975,0.44303599245784586
23977,0.5052513825860994
23978,0.48831706349453496
23979,0.5153974377006116
23980,0.3747259316860937
23981,0.490768166922149
23982,0.489857567270229
23983,0.4721022656251198
23984,0.43190337923280964
23985,0.48220108517059057
23987,0.5036226151915184
23989,0.4962510902582911
23990,0.517789356528735
23991,0.4878744374772098
23992,0.49841123312331986
23993,0.43309724044044606
23994,0.46910631359822763
23995,0.514733245290022
23996,0.4950147982717983
23998,0.4954535282822401
23999,0.4498457158868727
24000,0.4769749101753261
24001,0.5034267626842102
24002,0.502113382685741
24003,0.5055469947817823
24004,0.44526031103481284
24005,0.4954066836951961
24006,0.4827829561643059
24007,0.4998886630611651
24008,0.4888405049234057
24010,0.5088550851897445
24012,0.4784442948736367
24014,0.5142357081415251
24015,0.48202889619722045
24016,0.5155465365736464
24018,0.48957560678046913
24019,0.4820411444685251
24020,0.4983293374585939
24021,0.4706907329510232
24022,0.5141637631279748
24024,0.4874660205713278
24026,0.49638190803042714
24028,0.5211219666823617
24029,0.49384780392950434
24030,0.5197499412340403
24031,0.5101966509814282
24033,0.3995682543719905
24034,0.5106961559918165
24035,0.5068551449395519
24036,0.5010344299700539
24038,0.5052780290315818
24039,0.4983944658065965
24040,0.47831968260473146
24041,0.44974981343195664
24043,0.49616261760531655
24045,0.5156274873096115
24046,0.5094989882587679
24047,0.5022523931612559
24048,0.4963633364723248
24049,0.5073839502790538
24050,0.5140577839368079
24053,0.4559284282935273
24054,0.4390251257832243
24055,0.5110938305921429
24057,0.5034068632504336
24059,0.5034555850536953
24060,0.4231552811830807
24061,0.4991951535890228
24062,0.4846729779038857
24063,0.49952846765294756
24064,0.5088399343267002
24065,0.5004323490604119
24066,0.5119995031890622
24067,0.43150653632906566
24068,0.4970324142460755
24070,0.44667877220816365
24071,0.5126769619154821
24072,0.5032879551775089
24073,0.4630387239411688
24076,0.48098887565631
24077,0.4906994798317801
24078,0.4623411800439263
24079,0.4945570911956224
24080,0.48327530425771037
24081,0.5050294348712379
24082,0.48353813113421273
24083,0.49493490735092305
24085,0.4911178719285949
24086,0.5021929812019088
24087,0.4912750273213416
24088,0.4962300921961077
24089,0.43484313820912707
24090,0.5044599667259906
24092,0.4756096760367161
24093,0.47259510567108065
24094,0.4342148348779313
24096,0.5005673112770732
24097,0.49983467089836187
24098,0.5031513274192968
24099,0.47884404436176065
24100,0.4732557040112111
24101,0.48649064812819987
24102,0.4955709322365548
24103,0.4959627145170455
24104,0.4770265224360556
24105,0.46135733294853387
24106,0.4775558114384159
24107,0.5150938414271726
24108,0.5108174608617306
24109,0.4139827088307604
24110,0.48608496674745455
24111,0.47402611398494954
24112,0.4977819387880615
24113,0.4335621495102908
24114,0.4893853803075858
24115,0.5009340859350311
24116,0.47910537677028636
24117,0.5097654120429822
24118,0.5105564573971003
24119,0.5087280594168972
24120,0.4821298193469528
24122,0.41876213494597236
24123,0.4896685110396695
24124,0.5055316073405218
24126,0.4685119933386688
24127,0.5023551694159087
24128,0.5118599656210316
24129,0.5003747685893324
24130,0.4814811815995185
24131,0.46424950958763145
24132,0.5137385294459005
24133,0.49328741325264036
24135,0.5088827449414126
24136,0.48695727679192014
24137,0.4700759347754989
24138,0.5047863631067812
24139,0.5002910696668528
24140,0.499093730905128
24141,0.4779320650960259
24143,0.49656667622214223
24144,0.4724982125477016
24145,0.5192525083383587
24146,0.4823697405181782
24147,0.4974066372401974
24148,0.5143885238555068
24149,0.4966511433670801
24150,0.5008920747301309
24151,0.5055672305648785
24152,0.5153802719253712
24153,0.5013894503178571
24154,0.5048040734422895
24155,0.479199218978829
24156,0.4942499114319588
24157,0.3704822404151632
24158,0.5094573695214226
24159,0.4916509986909047
24160,0.5144148177421654
24161,0.4962754535019311
24162,0.5069026155507322
24163,0.49038039769214725
24166,0.5147412984237284
24167,0.5005119601209391
24168,0.5004990337448312
24169,0.5094828875583437
24172,0.5107872393020753
24173,0.5003562683474079
24174,0.43262582573818464
24177,0.47322441306226726
24178,0.5206402638948959
24180,0.5036216700139611
24181,0.5138381158379637
24182,0.4788202153005711
24183,0.4425767702990488
24184,0.48179257880076876
24185,0.40248001768625397
24187,0.5032113671433902
24189,0.4866486411909765
24190,0.5132973382348134
24191,0.4941146489351963
24193,0.5028955462791911
24195,0.5083152094055418
24196,0.5118388670735481
24198,0.5094052432962244
24200,0.5101780444496253
24201,0.5019063260369604
24203,0.4822346981547495
24204,0.5118145443203987
24206,0.45949833634802056
24207,0.5055414402921067
24208,0.4862399945238796
24209,0.5018629820002609
24210,0.44700540740812866
24212,0.4746566541279623
24213,0.4956239593255644
24214,0.4930269073178936
24215,0.4943158289000231
24216,0.4927914120991019
24219,0.48514210882933684
24220,0.5131406576605522
24223,0.482298391884462
24224,0.49461959460150384
24225,0.496601673613789
24226,0.5004049482346411
24227,0.4822863217101661
24228,0.4332799714496208
24229,0.4882004175477436
24230,0.48532770704400985
24231,0.5013175193382946
24232,0.4698034343121469
24233,0.4929850072245152
24234,0.4848742751237949
24235,0.4878284369971231
24236,0.5178022196733952
24237,0.49202655668065465
24239,0.4704995243356723
24241,0.480458815892844
24242,0.4939822255315804
24244,0.5031724072796043
24245,0.4965682139323274
24246,0.5077824043308005
24248,0.4766974796574558
24249,0.4962588701694133
24250,0.5124015996917243
24251,0.49393118142269066
24252,0.4983710636645803
24253,0.5052774261333768
24255,0.4798577937004501
24257,0.5058881443430957
24259,0.5157559050818235
24260,0.4951188507696258
24261,0.5004706180136838
24263,0.5005009123878146
24264,0.4945068157346647
24265,0.5074706516765553
24266,0.3985964294924725
24267,0.4384106925832679
24268,0.514956268695791
24270,0.4785350766863907
24271,0.48607278947150634
24272,0.41628973880112397
24274,0.4947935648569878
24275,0.5018721050597954
24277,0.48986266648270393
24278,0.46993655816709345
24280,0.49837351141510144
24281,0.39760678436890007
24283,0.5042164524738306
24286,0.4155499064482996
24287,0.49272784890213
24288,0.49109094491060523
24289,0.500004455811378
24291,0.516200095093036
24292,0.4919319585807487
24293,0.43330936203074094
24295,0.49148927719830104
24296,0.5103644635452048
24297,0.4989805177976798
24298,0.504926235414916
24299,0.5101623174593279
24300,0.44324495344410514
24301,0.4975196518371413
24302,0.5055169148303199
24303,0.5076471785895433
24304,0.5070470973652342
24305,0.49704558057221854
24306,0.5142439775056169
24307,0.4808272744281529
24308,0.42976786065228084
24309,0.4115844749185269
24310,0.49650279964103816
24311,0.4878045985383403
24312,0.49594616504723465
24313,0.4855743182857629
24314,0.4668752738868527
24315,0.45342272896833274
24316,0.42114434218862473
24318,0.45447057717450445
24319,0.5077080359229094
24320,0.49222089013542425
24321,0.503818581760866
24322,0.5059222026268906
24323,0.5032070156822497
24324,0.5105860773591004
24325,0.513854619726655
24327,0.49651344296730765
24329,0.5157095837388823
24330,0.4996129074532166
24331,0.5011729761183794
24332,0.5051689617578713
24333,0.5187124279201214
24334,0.5036403143893249
24335,0.5029815570239288
24338,0.4735377152573003
24339,0.3891477759651595
24340,0.48701034890927714
24343,0.5101790311431016
24344,0.3837228860092746
24345,0.49332273453073816
24346,0.5015640645722299
24348,0.5145218196594699
24349,0.5074684667666547
24351,0.49824689163623653
24352,0.5058849643083169
24353,0.5033904206503735
24354,0.506665148467681
24355,0.49581405073885665
24356,0.4798560339707159
24357,0.4923022203213727
24358,0.49873362613821554
24359,0.4849218938439156
24361,0.4961252979743995
24362,0.3768864303832979
24363,0.4457379309992367
24364,0.4934043986683285
24365,0.4305971541552055
24367,0.5023764703341003
24368,0.31339105812559603
24369,0.5162747938366079
24372,0.4345838273575464
24373,0.502415678409458
24374,0.48641005139388793
24375,0.4974723886431866
24377,0.48702846367402663
24378,0.4725760298944631
24379,0.5077432856079223
24380,0.48149020560730227
24381,0.482065549078744
24382,0.47321875418132825
24383,0.4725813678058025
24384,0.437607554138851
24385,0.5042239092764854
24386,0.46884854858010305
24387,0.494371603490971
24388,0.49100002601925696
24389,0.5224992486449719
24390,0.45808018385738386
24392,0.4741058289027954
24394,0.4908530615395831
24395,0.5135475958659763
24396,0.49720597967714864
24398,0.5147695018701017
24399,0.38268458025943464
24400,0.4531069884563912
24401,0.4815475496476498
24402,0.46097697053531406
24403,0.43740727741973506
24404,0.47619878732354803
24405,0.477328613381166
24406,0.510881113056982
24407,0.49598797921866666
24408,0.49218597894789395
24409,0.4880639574616118
24410,0.42345280466958635
24411,0.5176882365247679
24412,0.46973044702395944
24413,0.4723931209109784
24414,0.49877355165516113
24416,0.49396148143469587
24417,0.5082601798686934
24419,0.4707524752339083
24420,0.5055099836194912
24421,0.4831849372052439
24422,0.5179629755244312
24425,0.4955308759677379
24426,0.4811747240495441
24427,0.4912953583908522
24429,0.5099395335295558
24432,0.5122137368508044
24433,0.48885477971506286
24434,0.4863193417805837
24435,0.5187052116892971
24436,0.5137067232499726
24437,0.48668926029599724
24439,0.4989154591744963
24440,0.4813960718474998
24441,0.5061079230340303
24442,0.48260170945551606
24443,0.4625736791788922
24444,0.50261012106558
24445,0.4911479389736927
24446,0.4493829279640924
24447,0.5115011749717407
24449,0.5058015870282824
24450,0.49962324298367244
24451,0.5042240120181525
24452,0.47776084331540536
24453,0.48730340242204595
24454,0.47022414660895717
24456,0.516963525398016
24457,0.4958678540996022
24458,0.5062456552471025
24459,0.48127806854500443
24460,0.49200029863739714
24461,0.5027623997733538
24462,0.4995143042129421
24464,0.4754373369769421
24465,0.4707538893599017
24466,0.44393295155810364
24467,0.44591333314143233
24468,0.5004552003517482
24469,0.4997054957941968
24474,0.5024200738609539
24475,0.41590752330777037
24476,0.4865056561557798
24477,0.5046888842108868
24478,0.49895818470423403
24480,0.4823490181376763
24481,0.490113555668666
24483,0.46205419737074116
24484,0.5114281744707396
24485,0.47794963682653313
24486,0.42802802991632594
24487,0.49570851404752153
24488,0.4706210545955276
24489,0.4912031859072339
24491,0.5062070340814786
24492,0.43950700740419874
24494,0.45020465874416155
24496,0.5025343621404419
24497,0.48718139961695783
24499,0.4868995447354192
24501,0.5159951907872629
24502,0.504957825645427
24503,0.5116740763703185
24504,0.49720718319415835
24505,0.5036566776101626
24506,0.4938337331381768
24507,0.41476666655149946
24508,0.48831517866428154
24509,0.4747679011549847
24510,0.49948226781664556
24511,0.4766757747317015
24512,0.4223402512011084
24513,0.4860391575240678
24514,0.5028891836974286
24515,0.4990158786715788
24517,0.5162148110903999
24518,0.484956225172117
24520,0.445873427469333
24521,0.4805000459290092
24523,0.5156484543996511
24524,0.4660346404203489
24526,0.4804540803513288
24527,0.49272123093494025
24528,0.4915377012219797
24530,0.47202652227863306
24531,0.47087322638176565
24532,0.4473083862048695
24533,0.5105617795687025
24534,0.5021957041253033
24535,0.49822895617985596
24536,0.5157777380226383
24538,0.4968923032607446
24539,0.49399970219873635
24540,0.4968595119021322
24541,0.506185581904202
24543,0.5134010854779909
24544,0.49823786494622846
24546,0.49885891882346217
24547,0.5005404149201105
24548,0.5022905749635986
24549,0.4716441691529848
24550,0.5163814981486926
24551,0.4857416661849516
24552,0.4930640455392327
24554,0.5197812532575312
24555,0.4529892038316786
24556,0.4684483638977475
24558,0.4592590115866886
24559,0.5036134169829141
24560,0.4538843658068349
24561,0.48495590191302695
24562,0.5137105364659513
24563,0.4982639070531737
24564,0.4615181235477841
24567,0.5052116819340682
24568,0.510654081420441
24569,0.514639179058013
24570,0.5002523206560391
24571,0.4887492971225267
24572,0.5115453210203982
24573,0.48807129495724766
24575,0.49956160325138926
24576,0.49898404488621617
24577,0.5113466344207187
24578,0.5147831663399939
24579,0.47771718032956323
24581,0.5105394415497325
24582,0.4124845700421438
24583,0.4859970412765272
24587,0.49637850930163563
24588,0.4930687953049091
24589,0.5057390392137183
24591,0.4999831062233193
24592,0.4757832874824125
24593,0.4949918508761104
24594,0.500097340082271
24595,0.5168128205926705
24596,0.5017357984472807
24597,0.4773863742421074
24599,0.5105060944857563
24600,0.5176684782073883
24601,0.4933330508370761
24603,0.5069469024061257
24604,0.5051216879852825
24605,0.5030113659712923
24608,0.4778335927252424
24609,0.5038244640595009
24610,0.49003792630954734
24613,0.5085793571908461
24614,0.5002046895394866
24615,0.5014242353628263
24616,0.4731391633682457
24618,0.4956226684795382
24619,0.4839393748216991
24620,0.5112752304251178
24621,0.4862195669061681
24622,0.5051225844474901
24623,0.41251048002214075
24624,0.5118894245109459
24625,0.5022512533126359
24628,0.4931253686652143
24629,0.5000506044223014
24630,0.5082011479414663
24631,0.5042443649850141
24632,0.5035806025982211
24633,0.4840423527672193
24634,0.4911337676681844
24635,0.5037708572425146
24636,0.4919652831689907
24637,0.5051219793880032
24638,0.46715512140870186
24639,0.5008054437319625
24640,0.46528484158670397
24641,0.4985017948230641
24642,0.46550467016166264
24643,0.497195336744507
24644,0.4910700609628753
24645,0.48582166131381443
24646,0.5001559404496194
24647,0.49776927442868213
24648,0.5062266350524388
24649,0.4993661929411566
24650,0.46323256144409797
24651,0.5034836348887921
24652,0.48723222516085923
24653,0.49316614117698987
24654,0.5042804984885961
24655,0.49858366773521656
24656,0.5006630748236365
24657,0.4680092342768595
24658,0.46118458519007177
24659,0.501370281966297
24660,0.4875214642321904
24661,0.5154137874956679
24662,0.4914555757671273
24663,0.5030302832867267
24664,0.4868368379691006
24665,0.5025885886893482
24666,0.49613675709078753
24667,0.48714973387490973
24668,0.49990426488157164
24669,0.5014960950075801
24670,0.5121292987393892
24671,0.5038509325609947
24672,0.5102286146250687
24673,0.49875842865800235
24674,0.5007378812311645
24675,0.5033921026441012
24676,0.49167622479646467
24677,0.501468923928379
24678,0.4923869684941233
24679,0.46796231680399936
24680,0.4925100613349884
24681,0.5025372636451106
24682,0.4979748070370037
24683,0.47832412314316586
24684,0.47979087104013096
24685,0.499717614684647
24686,0.5037263141912497
24687,0.4934970176423932
24688,0.5013983795085828
24689,0.49905418967974247
24690,0.4993317700337043
24691,0.49940360161376307
24692,0.4841228727871129
24693,0.5000875559919811
24694,0.5023528938048059
24695,0.5042626857927481
24696,0.49321145731456617
24697,0.510113970934034
24698,0.49614839799610677
24699,0.4946180583828629
24700,0.47752311799181985
24701,0.5025387957788306
24702,0.5133377801878815
24703,0.5011692489606892
24704,0.49486666246795064
24705,0.5094578885062365
24706,0.5018177032447192
24707,0.5018278422859218
24708,0.4973364188890183
24709,0.49985118321634003
24710,0.48875481771154516
24711,0.4999452485223783
24712,0.5033439457999934
24713,0.5007343315202437
24714,0.508175070116344
24715,0.45708802132922405
24716,0.4556848224557384
24717,0.49798826612282654
24718,0.49676243306697687
24719,0.4995123894786964
24720,0.5055141468709796
24721,0.5030435483666857
24722,0.5012330402315123
24723,0.5006340797777324
24724,0.49698636728411555
24725,0.5143419328051829
24726,0.50290980879817
24727,0.48779321200994336
24728,0.4868178072062264
24729,0.5033694376466631
24730,0.49963236312485804
24731,0.49229290970851536
24732,0.49984846657333304
24733,0.49564394149939145
24734,0.504650289125502
24735,0.4982040256020715
24736,0.51079880107935
24737,0.513489349258779
24738,0.5041537339153647
24739,0.5032803621002012
24740,0.4696595631083462
24741,0.5020806986497883
24742,0.4924869138356003
24743,0.4835963372592465
24744,0.504848338512488
24745,0.48486934682263794
24746,0.5011100631470896
24747,0.49792808266106153
24748,0.5003318247025812
24749,0.5049535370264497
24750,0.45006144223119676
24751,0.49789453401991945
24752,0.5017963721014395
24753,0.49520344198274935
24754,0.5097001818039169
24755,0.5130398233380092
24756,0.48628752186131996
24757,0.5102914838659128
24758,0.47822871400082445
24759,0.5032760282422645
24760,0.46830521085018456
24761,0.4997073392822071
24762,0.47609325907144284
24763,0.46388296584274946
24764,0.5004421581277838
24765,0.4866582464251388
24766,0.4885434303893965
24767,0.4871408425431446
24768,0.48781270227239865
24769,0.5047001797849371
24770,0.49040393127178783
24771,0.4818823901446774
24772,0.4621203158461506
24773,0.4998071925464008
24774,0.4906089957113975
24775,0.5167262885916933
24776,0.5023132887926245
24777,0.48383656079831866
24778,0.4736832847864849
24779,0.5011447128054625
24780,0.49860557275239037
24781,0.46389814124584355
24782,0.4777270418434769
24783,0.49170637632925535
24784,0.5002618357956445
24785,0.46942574486389643
24786,0.4805533379033443
24787,0.4906703610099681
24788,0.5128105705309214
24789,0.5021818694878335
24790,0.4993078467511465
24791,0.4900747046457145
24792,0.4930741462709459
24793,0.5004909908711701
24794,0.5056689483523058
24795,0.511944740796712
24796,0.48338746784603903
24797,0.4987899010999069
24798,0.49431935668714627
24799,0.49142799999546216
24800,0.5112927570290524
24801,0.5042729207429527
24802,0.5117444052408353
24803,0.4936167522413749
24804,0.5027426062605629
24805,0.5038236014433042
24806,0.5060472187388575
24807,0.497139641555428
24808,0.4944597756775849
24809,0.4781338281821484
24810,0.47370509128528454
24811,0.48628199972001707
24812,0.482359691412211
24813,0.502148985769034
24814,0.5034883657608187
24815,0.4904616222091001
24816,0.5006488369308323
24817,0.48873251548292507
24818,0.49644125523793203
24819,0.5009696998843588
24820,0.4490004238557318
24821,0.5114692612603081
24822,0.49293900975523475
24823,0.4997210796611242
24824,0.496210975108776
24825,0.5052979113777527
24826,0.4955344239608914
24827,0.500773604639372
24828,0.4637681429913799
24829,0.4991331605156406
24830,0.4660760856157787
24831,0.48983794027408945
24832,0.49614876758188425
24833,0.4954345403383763
24834,0.4995292152367217
24835,0.48556979960905866
24836,0.49920498246314027
24837,0.5033875333940506
24838,0.4988964888315557
24839,0.5028171908496367
24840,0.48722663277353195
24841,0.5003084104722065
24842,0.4551839367558562
24843,0.49291369350361447
24844,0.4996284413333584
24845,0.46572151070491274
24846,0.4803643859483298
24847,0.5007683558500033
24848,0.5061576523417454
24849,0.49932286314857427
24850,0.49711758224814495
24851,0.498745081721099
24852,0.4980729342446496
24853,0.4791367534169219
24854,0.5018635151289386
24855,0.46903829901648336
24856,0.49215532086431857
24857,0.5114739675797891
24858,0.4799124419134181
24859,0.5111223933973608
24860,0.5130618936433036
24861,0.49830507135702085
24862,0.5030550146006163
24863,0.49169175672452514
24864,0.5139025840834888
24865,0.47380534120453477
24866,0.49860294555070045
24867,0.5030456193301389
24868,0.4996283642559838
24869,0.49488346843093656
24870,0.4961073287932975
24871,0.5016526441956385
24872,0.4896964328563853
24873,0.46334559564091493
24874,0.4773179350287551
24875,0.5052949994226852
24876,0.49605607577458416
24877,0.5011533709378071
24878,0.49974139578167875
24879,0.5007037747638177
24880,0.47911503495281055
24881,0.4822489064167706
24882,0.48945400619679014
24883,0.5084348966345335
24884,0.494842857470417
24885,0.4988334663564925
24886,0.4958910191295105
24887,0.50140328648579
24888,0.4936155440301241
24889,0.4907784502947198
24890,0.5082437949355987
24891,0.5035696788759677
24892,0.49969889837782194
24893,0.4737571670451389
24894,0.4906285710176641
24895,0.4862135417813792
24896,0.5048569294883704
24897,0.48723944958003074
24898,0.5138040169976594
24899,0.4864298466977382
24900,0.4739673594034971
24901,0.508545448284978
24902,0.4977258853745847
24903,0.47163127194819177
24904,0.4539570219707464
24905,0.4972555675862201
24906,0.49051747365776477
24907,0.5002876731033299
24908,0.5043237681142657
24909,0.4851603518633857
24910,0.4959853312013752
24911,0.46254395967893996
24912,0.45687226441378553
24913,0.5048066000361127
24914,0.47093851782263907
24915,0.49995721077133654
24916,0.4782534469745278
24917,0.49288890815571407
24918,0.4882261316509726
24919,0.49350702666304147
24920,0.49872531008124144
24921,0.48606721780286016
24922,0.4935288737136177
24923,0.5053484481154433
24924,0.5022459813153515
24925,0.4981168284945785
24926,0.4407010050596518
24927,0.5031036695220918
24928,0.4949499841699144
24929,0.5139538588693554
24930,0.510688880878004
24931,0.5004499237396796
24932,0.5003212482604439
24933,0.49166485836794815
24934,0.5018528196681372
24935,0.4981473835371097
24936,0.4990444936355217
24937,0.496276921989767
24938,0.5032013542834737
24939,0.5038323797513893
24940,0.39284216429829555
24941,0.5024947657859429
24942,0.5004267659951225
24943,0.4517065013989294
24944,0.5002249764466322
24945,0.5156992039650784
24946,0.5016495383801937
24947,0.504836440562018
24948,0.4973377200123998
24949,0.496751734479036
24950,0.4959874645492055
24951,0.5108142316459481
24952,0.4756653851451693
24953,0.4933966160790344
24954,0.4953568825379422
24955,0.4784952011194721
24956,0.45325940331921566
24957,0.49820688905010097
24958,0.4756454758032093
24959,0.4958202752465526
24960,0.5025415213414157
24961,0.4895007926470256
24962,0.5007461998236039
24963,0.49907277297746666
24964,0.4901362102389088
24965,0.49051507628012986
24966,0.4985071626068216
24967,0.47106867534257296
24968,0.51219233229334
24969,0.462218548130818
24970,0.49353633604660685
24971,0.5000514614386058
24972,0.4959876161778218
24973,0.4777589600948786
24974,0.5124192257924605
24975,0.49946840762890965
24976,0.5132406223347837
24977,0.49730773209027274
24978,0.5005652588881454
24979,0.5023647377940095
24980,0.4604026578816252
24981,0.47932431453357455
24982,0.48178152839417276
24983,0.5017468932395708
24984,0.49162309627029477
24985,0.4663191023687967
24986,0.49245634536681204
24987,0.5043078299759745
24988,0.5003713869926391
24989,0.5021100861847133
24990,0.4871405073903577
24991,0.5081593650965787
24992,0.5008974036829216
24993,0.5007412169188755
24994,0.4908728673415219
24995,0.4897128636214825
24996,0.46649921282572715
24997,0.5026440466968093
24998,0.49045290209800746
24999,0.49961044226973306
25000,0.49606215557568395
25001,0.49361920316059904
25002,0.5005097496553796
25003,0.4957959016799188
25004,0.49894781497085905
25005,0.4967095694008534
25006,0.4898258356338707
25007,0.459263390898867
25008,0.5033393072137081
25009,0.5047933376415241
25010,0.49847176210944577
25011,0.49121405576191324
25012,0.4810451059168833
25013,0.48330807385449515
25014,0.49666828206041524
25015,0.4937106185026138
25016,0.49874943818437034
25017,0.5123482731951794
25018,0.5001049083432529
25019,0.49185104842392846
25020,0.4894567856693627
25021,0.46531155401898894
25022,0.4953767270822592
25023,0.49133097303867035
25024,0.5031432655587251
25025,0.4965362462421412
25026,0.5171730339262272
25027,0.4900406045401775
25028,0.46143051180577266
25029,0.4973339247040224
25030,0.49689716039486664
25031,0.5151129871523528
25032,0.4747604951251334
25033,0.4973127605962658
25034,0.5029478033964621
25035,0.5010019520436529
25036,0.48767617191330637
25037,0.5124304739135483
25038,0.50128188127748
25039,0.4993421834293884
25040,0.49354791539458637
25041,0.5069969152600959
25042,0.49628869809486925
25043,0.5076245963792482
25044,0.5006872043044048
25045,0.5007922449533316
25046,0.51329748460721
25047,0.46363072473536165
25048,0.5096927237770928
25049,0.5117432427528555
25050,0.5049146553956673
25051,0.4994908834285874
25052,0.4956392324112989
25053,0.46872932520634336
25054,0.5082014027553106
25055,0.5011637729687671
25056,0.44239811548755126
25057,0.49453105191462965
25058,0.49792500084594615
25059,0.5029818814416195
25060,0.5007396549225016
25061,0.49537854178309704
25062,0.5039427795066489
25063,0.5104390535910721
25064,0.4954318962108124
25065,0.4608505281601666
25066,0.4886646549008158
25067,0.4947969892662719
25068,0.47728218859881677
25069,0.4919564097711577
25070,0.5116945812560002
25071,0.501503017247111
25072,0.5027606990446056
25073,0.501793811350848
25074,0.4973584319573984
25075,0.49768775280163025
25076,0.5016209112520205
25077,0.47847266908608355
25078,0.4806900352321426
25079,0.4887562800003074
25080,0.5102513450311281
25081,0.4830074977083386
25082,0.5048598816952284
25083,0.4987146708829825
25084,0.4979869246404091
25085,0.5137480525911303
25086,0.49340513108766487
25087,0.5159258879504232
25088,0.4686298159379707
25089,0.5058668313384015
25090,0.4897809749576255
25091,0.5150326333113012
25092,0.507193987731014
25093,0.49869815250160177
25094,0.5039058348663457
25095,0.49669992525723783
25096,0.5013990878426373
25097,0.5104459272446997
25098,0.5004392160955773
25099,0.4888492839310342
25100,0.5010095657029348
25101,0.49688415141297904
25102,0.49593445070710507
25103,0.5033761284584681
25104,0.5010169852847494
25105,0.47964180024223746
25106,0.49263628493879674
25107,0.4884597929107974
25108,0.5133819531973314
25109,0.5016178446147941
25110,0.5020126650630046
25111,0.4819556285256825
25112,0.4973341779847571
25113,0.48425540601193345
25114,0.482977802759618
25115,0.48609098375061477
25116,0.5043014079178878
25117,0.4969465757812623
25118,0.4904666820872564
25119,0.5000516833342366
25120,0.48702595828464856
25121,0.49224260830946154
25122,0.48294301188537914
25123,0.49508008408773874
25124,0.5036209192117022
25125,0.4897176278383939
25126,0.4906753668968476
25127,0.4989895526059932
25128,0.5087356492781265
25129,0.4613796045153186
25130,0.5006245697994554
25131,0.4994168872056024
25132,0.4955102368139901
25133,0.49462880999136455
25134,0.4758647243703402
25135,0.4980622711548282
25136,0.49076772086487064
25137,0.49146880814838423
25138,0.5000768635854762
25139,0.5008740023859993
25140,0.4943962829675937
25141,0.49245069943815756
25142,0.5018851881937747
25143,0.47576756173670876
25144,0.49904971231530976
25145,0.4944875641489739
25146,0.5030498109875674
25147,0.4967830323555489
25148,0.5006990285962283
25149,0.4965853213525351
25150,0.48541545421744714
25151,0.49854782582537704
25152,0.4818759345664466
25153,0.5014482895656438
25154,0.5131069044927994
25155,0.5017565081521596
25156,0.4878552379762647
25157,0.49909438949690105
25158,0.4941993075460611
25159,0.48579615924157205
25160,0.5001165230160054
25161,0.4592553360291969
25162,0.4957757493316986
25163,0.4909307100077609
25164,0.49691387877255655
25165,0.4990841811185419
25166,0.4710866056001462
25167,0.5095338341083455
25168,0.4948746014246676
25169,0.4645264158764006
25170,0.5003772701116735
25171,0.4821636728479475
25172,0.49931661802061034
25173,0.4805256412225297
25174,0.4917244932313021
25175,0.5002664940250355
25176,0.49144538992617526
25177,0.4769983594070665
25178,0.4858703402623852
25179,0.49355063166958946
25180,0.49823123309672446
25181,0.5018718382308616
25182,0.5115368629960375
25183,0.4866384886554778
25184,0.4583866351645198
25185,0.5018160052712431
25186,0.5044955835208318
25187,0.4994741502187847
25188,0.49592491971394886
25189,0.4994001536036248
25190,0.47968496985044984
25191,0.4725677700139407
25192,0.5064352976438964
25193,0.49053347117917745
25194,0.5009779352225969
25195,0.5100629101102121
25196,0.5024380414401727
25197,0.48981209711912166
25198,0.4757935317830081
25199,0.5003631095855812
25200,0.5020194179385582
25201,0.50832794576452
25202,0.49739020127266
25203,0.485073095250121
25204,0.4867706246972465
25205,0.5099844337114041
25206,0.49526242077289817
25207,0.48921323961125535
25208,0.49982960155630207
25209,0.5009841085662259
25210,0.46089387632682044
25211,0.4509891763593925
25212,0.5179177305572259
25213,0.47211217481810874
25214,0.4880157801543512
25215,0.48265323327015763
25216,0.5113724300838195
25217,0.48640809850768507
25218,0.49729354994823405
25219,0.49300763765855526
25220,0.47643284419606935
25221,0.5111978191469847
25222,0.4953473962800154
25223,0.4932327390597131
25224,0.4963697494471745
25225,0.49447095585883405
25226,0.5113139236922442
25227,0.4940766223693839
25228,0.501775962049644
25229,0.49642521714196713
25230,0.49960120819624665
25231,0.5068842383684875
25232,0.49213699960897744
25233,0.503390286722552
25234,0.5116277173970255
25235,0.49241983607909945
25236,0.4953641578250645
25237,0.5021531562149806
25238,0.5096485501696867
25239,0.48844329977696627
25240,0.5072732383761177
25241,0.5018628485819832
25242,0.4896565609682335
25243,0.49834562070381183
25244,0.5122042294427508
25245,0.49767934383809115
25246,0.49121695038453383
25247,0.48272801266835186
25248,0.44498074139083044
25249,0.49710927214436396
25250,0.4957344249739292
25251,0.5006862069893974
25252,0.5085605144922993
25253,0.4638094563789591
25254,0.5032424319643484
25255,0.49368044659208565
25256,0.5005132765522516
25257,0.46602346711384335
25258,0.5007583129958284
25259,0.5004706587413013
25260,0.5040863462812775
25261,0.5056713178637737
25262,0.5021906860030002
25263,0.5041419541122716
25264,0.49302338666905227
25265,0.500483617713914
25266,0.4952399650145295
25267,0.5037451223217607
25268,0.5056730230087502
25269,0.49997101901634966
25270,0.4931291134968194
25271,0.4463809246394525
25272,0.49925666581644834
25273,0.4995504081465726
25274,0.49086415518822385
25275,0.5146259597081264
25276,0.5027492942696761
25277,0.4806456612678049
25278,0.5029488642728572
25279,0.49394148739184507
25280,0.5127953538495357
25281,0.50059825580951
25282,0.4979716860434083
25283,0.50088810386765
25284,0.5093484893029719
25285,0.496342774491214
25286,0.49919640808259946
25287,0.4732538375430756
25288,0.5002659225227254
25289,0.44864260712648063
25290,0.5047227801672252
25291,0.49904990058195886
25292,0.4850186352383983
25293,0.5044354011781035
25294,0.4896392524068922
25295,0.49780405092978974
25296,0.5004830801279692
25297,0.4906090116528382
25298,0.4550013151603895
25299,0.45576296829974905
25300,0.4652269029640739
25301,0.4964919553209188
25302,0.501405203584675
25303,0.5004392515445377
25304,0.5016869358452172
25305,0.4829226923488312
25306,0.49086661335018306
25307,0.49509333491720997
25308,0.4949291498601345
25309,0.4986326534267763
25310,0.4942440337444922
25311,0.4976803304370173
25312,0.4997750723019043
25313,0.492927577796183
25314,0.4929350586207177
25315,0.48404330403424395
25316,0.48213852101791554
25317,0.4893531975684837
25318,0.5024309800311538
25319,0.49325783097871334
25320,0.503751942821272
25321,0.4890564888115717
25322,0.5009355661150826
25323,0.48568073477072515
25324,0.5029891209388692
25325,0.48155661714554643
25326,0.5035345605740745
25327,0.5039845447313374
25328,0.4975126646966994
25329,0.4957750542724851
25330,0.5023997848482818
25331,0.4609522924115953
25332,0.45466252512073435
25333,0.4882175155012404
25334,0.5110528151544964
25335,0.49208776769806795
25336,0.504905980770786
25337,0.5031210900459372
25338,0.49007102125708557
25339,0.4884141075668845
25340,0.46838896426917365
25341,0.49515475559350186
25342,0.4976187627356746
25343,0.49376508366620164
25344,0.5061955340364854
25345,0.4993275712988069
25346,0.48425274816320496
25347,0.49241470750538807
25348,0.5051566276110027
25349,0.5014481481678634
25350,0.48597595983468045
25351,0.4894946133250498
25352,0.47447785650337415
25353,0.4754679813859323
25354,0.5009096497160535
25355,0.4888411714013019
25356,0.4980457000105738
25357,0.4763323233880419
25358,0.4969172681178381
25359,0.514540201195139
25360,0.49921057058701085
25361,0.5013075522059344
25362,0.5027229755568778
25363,0.48822626488146653
25364,0.4914016511850483
25365,0.5062559194148687
25366,0.513234289615061
25367,0.4872719391294414
25368,0.47635071397096584
25369,0.502019365336948
25370,0.47206344384137117
25371,0.5021795206109052
25372,0.494839886696699
25373,0.5030192030085394
25374,0.49592249881892697
25375,0.49695910774981267
25376,0.48684476583253866
25377,0.5099143574034969
25378,0.4943685918250493
25379,0.49337619288899504
25380,0.4339846555346797
25381,0.4811444594723013
25382,0.4990772047159979
25383,0.4767996150767449
25384,0.46881097674485717
25385,0.4955081629629438
25386,0.4953097232081638
25387,0.49878806030082656
25388,0.5023286187010345
25389,0.49006695815733314
25390,0.4883673692021538
25391,0.49355661323903993
25392,0.49449943523344864
25393,0.502038277062773
25394,0.49373616600081716
25395,0.5132043412502357
25396,0.500453666015394
25397,0.47648817317391223
25398,0.3942395138422201
25399,0.49026256720211336
25400,0.4979410763274134
25401,0.4958631387391991
25402,0.49599955299445275
25403,0.5009520786511626
25404,0.5027923969739547
25405,0.4941976011720849
25406,0.4812284436189699
25407,0.500976808372845
25408,0.4799313140887403
25409,0.5005675964009652
25410,0.49361876551233475
25411,0.4992784488901477
25412,0.5117195355756243
25413,0.4997884944163179
25414,0.5028940602852168
25415,0.49829985326378845
25416,0.4979195384277613
25417,0.49942737995482755
25418,0.5097975577479124
25419,0.47784108420634364
25420,0.5016548429783432
25421,0.4920306353689573
25422,0.5043685664590599
25423,0.5138168977455723
25424,0.4994703682097072
25425,0.49943312536701856
25426,0.49981433026625566
25427,0.5003229741826033
25428,0.482955705960506
25429,0.5020511271473453
25430,0.4935346839582464
25431,0.4963239256777501
25432,0.503242227190819
25433,0.45010115509069903
25434,0.5025042541912308
25435,0.4664466631780194
25436,0.4931378131959554
25437,0.4983924620489899
25438,0.4998990689404953
25439,0.49624144553034877
25440,0.505330277546898
25441,0.5020550140314315
25442,0.4992583862749903
25443,0.49390017292219923
25444,0.5194090378558137
25445,0.492408055784032
25446,0.5149673744174514
25447,0.49441311388236087
25448,0.5034362463547136
25449,0.5142951310735775
25450,0.49846513494260836
25451,0.5103894967507271
25452,0.4670548708321318
25453,0.4965103715430619
25454,0.4941732686121604
25455,0.4984065067085902
25456,0.4895681466368905
25457,0.48834574454085067
25458,0.4888849647163628
25459,0.5020672604888317
25460,0.46834379955897
25461,0.48467033686086103
25462,0.501644570707654
25463,0.5028736697230807
25464,0.5126547494619004
25465,0.5149490409825621
25466,0.5093623612152247
25467,0.48794917114810554
25468,0.498681103842474
25469,0.4996591964119006
25470,0.5001733372382986
25471,0.5004645756370268
25472,0.4985876900692343
25473,0.4875384050189208
25474,0.48841261832326843
25475,0.49915491080442403
25476,0.5013801844659351
25477,0.5150418243116106
25478,0.5033170263965264
25479,0.5116772287220641
25480,0.5034759233006239
25481,0.47804379460702207
25482,0.5115516828701098
25483,0.4950406763929037
25484,0.47982066626484465
25485,0.48930257103802965
25486,0.4842539920097225
25487,0.5170348231910123
25488,0.5097099073328561
25489,0.4967310524802522
25490,0.494562774767878
25491,0.49749909885422516
25492,0.5042809337147627
25493,0.49423716682368846
25494,0.501458153271059
25495,0.491911403521617
25496,0.4769591904309109
25497,0.49566217077602626
25498,0.46591203194581887
25499,0.49113215507499997
25500,0.5043030138059568
25501,0.478686578103821
25502,0.4802894194476338
25503,0.5064425034543916
25504,0.5110354932665546
25505,0.46642273092907593
25506,0.4948287507829863
25507,0.47815575387763076
25508,0.49355864483401646
25509,0.4968697194983761
25510,0.49396268485763756
25511,0.4958499727606447
25512,0.5128944724687702
25513,0.4991264635123098
25514,0.4977789249888762
25515,0.49980033423593506
25516,0.49450649373395505
25517,0.4585930280339262
25518,0.4992801450343396
25519,0.501461059969819
25520,0.49514137274769066
25521,0.5010106791398343
25522,0.4502913193007807
25523,0.5019972434041244
25524,0.5032164094552127
25525,0.487250900388694
25526,0.45416582675081213
25527,0.4916237394172039
25528,0.49555979966304164
25529,0.4912574482109343
25530,0.4472695400282207
25531,0.49005764362415855
25532,0.49849738065510063
25533,0.4966958369855826
25534,0.49879190835265913
25535,0.5125620195385864
25536,0.5000438930423846
25537,0.5126884164400425
25538,0.49404068407557283
25539,0.49683431480165446
25540,0.4894886688810133
25541,0.4744369012681382
25542,0.49894160685126343
25543,0.4810884149623179
25544,0.49703972329215773
25545,0.48543990784103574
25546,0.49602549845035615
25547,0.49810541557032806
25548,0.4826554686943074
25549,0.47197450576125444
25550,0.49083883909627196
25551,0.49230983092377045
25552,0.49730860670230737
25553,0.5117253225570677
25554,0.483064666051305
25555,0.4732001686894425
25556,0.49618906788034234
25557,0.48540560429269386
25558,0.49816306816814876
25559,0.5016021801150534
25560,0.501041196981104
25561,0.46844253233234706
25562,0.5025668028845359
25563,0.500169066619274
25564,0.48093784953636076
25565,0.4926584165771545
25566,0.4996937628121879
25567,0.5007487677204944
25568,0.49922101915482336
25569,0.4976112257363291
25570,0.5024414907546307
25571,0.49636283356278094
25572,0.48907041656140104
25573,0.4950131071368583
25574,0.4871212710470386
25575,0.4906709222444355
25576,0.4959094964506145
25577,0.49868022143338364
25578,0.5004891551211792
25579,0.5013795092022837
25580,0.5059343506130651
25581,0.5081126918716314
25582,0.4953010602593705
25583,0.4953628060111089
25584,0.5017897711101911
25585,0.46947790345573354
25586,0.5018437887031819
25587,0.5051627685180825
25588,0.5095615356724073
25589,0.4964439843559916
25590,0.48255726626601825
25591,0.5044721848526434
25592,0.49987166460455157
25593,0.4792103819504864
25594,0.5017411922245597
25595,0.4727531005871016
25596,0.4901094119628694
25597,0.46597134241252436
25598,0.5003414863825871
25599,0.483740947132668
25600,0.4848539047535712
25601,0.4985126099638172
25602,0.49896032645408206
25603,0.49518153802890197
25604,0.49603063167192907
25605,0.4930744042876084
25606,0.500001096024132
25607,0.5010888585162812
25608,0.5052837729042552
25609,0.49276098650948763
25610,0.494262029108282
25611,0.47911956078292683
25612,0.5014638279040049
25613,0.4889359768335726
25614,0.503806613246353
25615,0.49835210933874907
25616,0.4994967037684015
25617,0.4997268076536188
25618,0.505750067795416
25619,0.5063564970495318
25620,0.49342796848670994
25621,0.5005804621989989
25622,0.4982736936244342
25623,0.501613218000087
25624,0.491724773268694
25625,0.5015313680774409
25626,0.5039713104295351
25627,0.5143320206512794
25628,0.4628261658110832
25629,0.4627684131831139
25630,0.4889003380279222
25631,0.5128380835812267
25632,0.4758937630138309
25633,0.4953816773363836
25634,0.4947383383180245
25635,0.4783422019835394
25636,0.4932682827790069
25637,0.46120290888222754
25638,0.5017715995613156
25639,0.49229515827333226
25640,0.49597902332486277
25641,0.49139092004334867
25642,0.4874927193950636
25643,0.5004540212791164
25644,0.5077746806160527
25645,0.48312272616346486
25646,0.4995590708237689
25647,0.49106227922086054
25648,0.4995244854081028
25649,0.4950795430931667
25650,0.47086257782070373
25651,0.5015404539874293
25652,0.4914436631822958
25653,0.5019794528994043
25654,0.49718241643110606
25655,0.5165060555684444
25656,0.5060211802251862
25657,0.5000370378107588
25658,0.4843190785664965
25659,0.48743289834561754
25660,0.4743152535506544
25661,0.5050545155321171
25662,0.49370119592634976
25663,0.4945754193826517
25664,0.5054358547592877
25665,0.5018210749167991
25666,0.467885080377224
25667,0.48922686947187394
25668,0.49916924798720086
25669,0.5018885125391997
25670,0.49885406494918993
25671,0.4986495283631046
25672,0.5023982258929556
25673,0.4719381631441071
25674,0.4928243390758017
25675,0.48560054974429334
25676,0.49938829657486605
25677,0.5043808210764443
25678,0.4888864902249433
25679,0.5007770531126895
25680,0.4875201523784782
25681,0.49871289415061143
25682,0.4964574690976731
25683,0.50366645425633
25684,0.5035046645656998
25685,0.5019516250417099
25686,0.48468273461478784
25687,0.4952702852267184
25688,0.5009742857663241
25689,0.4933366331858583
25690,0.5017590100468251
25691,0.4857048127691394
25692,0.4782115298762849
25693,0.5003557034432949
25694,0.501922583667355
25695,0.48325825968969494
25696,0.49664044312499767
25697,0.5167991185796692
25698,0.4954631900737916
25699,0.4786261760500885
25700,0.4894533626453633
25701,0.4913745444513181
25702,0.5041995549620666
25703,0.5027853033616431
25704,0.5149863774759308
25705,0.4983130319130231
25706,0.501886320223617
25707,0.505260860363689
25708,0.5036948552320295
25709,0.49938889895283933
25710,0.461757835977788
25711,0.5070037833550224
25712,0.4919309272169422
25713,0.46036416792966317
25714,0.47508921045959596
25715,0.466551673010033
25716,0.4927558249200157
25717,0.46143012571414244
25718,0.47651222682130956
25719,0.5028015651447494
25720,0.4923038506546959
25721,0.5067310632117945
25722,0.514673952099386
25723,0.5010767813236673
25724,0.49629901116020214
25725,0.5032470829774296
25726,0.4637891500708254
25727,0.49986161083650316
25728,0.49839333062629204
25729,0.4899074715148957
25730,0.49710289114501593
25731,0.5034708186230751
25732,0.4978698076723094
25733,0.4869211843827935
25734,0.5137811281534642
25735,0.501364724459299
25736,0.4886544264964866
25737,0.477579046068494
25738,0.5078415487909751
25739,0.4776647616293075
25740,0.48758037982243774
25741,0.49651410723017714
25742,0.5012906100879536
25743,0.501622245578953
25744,0.4586479284240683
25745,0.5022662014887069
25746,0.478772629758693
25747,0.49887598585344206
25748,0.5050486824845866
25749,0.5019728610514862
25750,0.49074757211701614
25751,0.5126017507722508
25752,0.495503405853313
25753,0.5161797389728939
25754,0.4991830195893665
25755,0.45679629222054696
25756,0.4765795259859983
25757,0.49692060079527556
25758,0.4894714719968916
25759,0.496174345832572
25760,0.5022727655867447
25761,0.5007005243998714
25762,0.49189441886374907
25763,0.491566932928568
25764,0.5007278340269207
25765,0.46803779912949817
25766,0.48349215166738757
25767,0.5072968967554248
25768,0.48038731273551927
25769,0.48853473901742894
25770,0.47103143609321474
25771,0.5004143273486159
25772,0.4950344341466416
25773,0.49716450425251935
25774,0.5082502115749019
25775,0.4883154080532237
25776,0.4994041082132336
25777,0.4984866000831537
25778,0.4880681846361362
25779,0.5004604453928653
25780,0.5019781532624027
25781,0.49942553955878954
25782,0.5028244855885029
25783,0.4708752209205834
25784,0.4378137614508075
25785,0.4488546524521688
25786,0.5074449621248398
25787,0.4829013136518518
25788,0.5112228278904809
25789,0.504085480751305
25790,0.48717767049714633
25791,0.49140546376116856
25792,0.5038363871972364
25793,0.5092813042716879
25794,0.5026251827470936
25795,0.48716412355656225
25796,0.4978876621261775
25797,0.4819139845795696
25798,0.48722795927673623
25799,0.4894317186685746
25800,0.49437653863841124
25801,0.5007640480086573
25802,0.5049201052157511
25803,0.4906284605719094
25804,0.4424368197075963
25805,0.5009872724974711
25806,0.4887256228719369
25807,0.48942343805997984
25808,0.4869394562709516
25809,0.4968377076978987
25810,0.5050046445010667
25811,0.429644500563343
25812,0.5015851690104991
25813,0.49908274834986677
25814,0.5146138376965935
25815,0.49694574441073935
25816,0.4903676995423172
25817,0.5102131047882783
25818,0.47416197329886645
25819,0.5044802440427034
25820,0.49972050388584266
25821,0.49461199868861117
25822,0.5034606042455396
25823,0.5000570430057891
25824,0.47451531700907307
25825,0.4976040140047202
25826,0.50395958835311
25827,0.4777914801009905
25828,0.5043422542156243
25829,0.4863404234540042
25830,0.497770997614957
25831,0.4713378823181259
25832,0.46790267814077524
25833,0.5005269260948648
25834,0.506481773418456
25835,0.5016583901044549
25836,0.5049581790383824
25837,0.48796677787945586
25838,0.4604618424023899
25839,0.5014865590047255
25840,0.5029545490728229
25841,0.4925856591744061
25842,0.5031189041509039
25843,0.5043533405457454
25844,0.5079986320818342
25845,0.5034625678661611
25846,0.48419553351158606
25847,0.48885271863243723
25848,0.47707300396021246
25849,0.4914462391859463
25850,0.49806672338981783
25851,0.49071776872574113
25852,0.48870138103793526
25853,0.4560349244744189
25854,0.5004464935915176
25855,0.4930982989932737
25856,0.5012902648949067
25857,0.5007362947868534
25858,0.5011125850197373
25859,0.4790873217705599
25860,0.49661999433950255
25861,0.5128588871233414
25862,0.4888020859713644
25863,0.49344226997517415
25864,0.4984387238796979
25865,0.4994007914888804
25866,0.5096608259996378
25867,0.4945824925405843
25868,0.501604559325058
25869,0.49874787911843477
25870,0.5042868662930434
25871,0.49822585402050257
25872,0.4740420050223323
25873,0.5054420324619526
25874,0.48105361939988567
25875,0.4998989589522248
25876,0.49304026118665134
25877,0.49241999635575023
25878,0.4986999437134608
25879,0.48733869725247225
25880,0.5021048406599367
25881,0.4540019766135409
25882,0.5023329571367131
25883,0.4933520615861829
25884,0.49757936665382746
25885,0.5035297194550689
25886,0.5161917446336665
25887,0.5050714246587034
25888,0.4992669939921456
25889,0.5004970368530031
25890,0.5012532353665382
25891,0.4955999260278735
25892,0.49541783600230377
25893,0.4949278881834188
25894,0.5130257773838535
25895,0.5008038566318413
25896,0.50912438564236
25897,0.5059058794899007
25898,0.49904590424217476
25899,0.4691064596943142
25900,0.5018811888118697
25901,0.4368039492756836
25902,0.4985560275893197
25903,0.49554350586066076
25904,0.49139812097283364
25905,0.503434365568437
25906,0.49722851451523076
25907,0.49229107673984507
25908,0.4943980687841164
25909,0.45921818409755805
25910,0.4945628451379372
25911,0.5015803623747451
25912,0.5018084394992399
25913,0.5010148375131085
25914,0.49868583086399476
25915,0.4993882030793273
25916,0.48771972756540993
25917,0.4967826664436685
25918,0.4987677958152066
25919,0.46346751094481675
25920,0.5001781190053187
25921,0.5031762508082573
25922,0.4994221611986174
25923,0.48393527553466403
25924,0.5053717369372811
25925,0.4959695827593652
25926,0.4900911020163454
25927,0.4920161869785453
25928,0.501469266893839
25929,0.49710918109739516
25930,0.48657320088997646
25931,0.5012577970957577
25932,0.5005716327374015
25933,0.488420681162714
25934,0.49951305879494956
25935,0.45698896412977913
25936,0.502053559851198
25937,0.4926739101040516
25938,0.46061049945159166
25939,0.5060479875084201
25940,0.4922604778142308
25941,0.4952662585665424
25942,0.5010724171670009
25943,0.5018337502703377
25944,0.5043126443446293
25945,0.4866996724120545
25946,0.5033529468074505
25947,0.48054133288391104
25948,0.5020755506097263
25949,0.5124036060674875
25950,0.4933378727821588
25951,0.49484259890732507
25952,0.4969654712527595
25953,0.500170169987085
25954,0.46808620958814
25955,0.50018790428218
25956,0.4663018991889851
25957,0.4970922199180743
25958,0.49044273007653666
25959,0.4956171503863869
25960,0.5009091536308894
25961,0.5068922922285797
25962,0.5025533489084387
25963,0.487611681194119
25964,0.47979061148482616
25965,0.48653387437278395
25966,0.5002985844079761
25967,0.47599570864198376
25968,0.4982203655225569
25969,0.49870599085315187
25970,0.49507985732188653
25971,0.47529772521424785
25972,0.47818503855877176
25973,0.48587007320832576
25974,0.48245686559765266
25975,0.5027538202220311
25976,0.4953617734766217
25977,0.49382508225395216
25978,0.4635195660864072
25979,0.4993998489289312
25980,0.5029350343232097
25981,0.5115747704149797
25982,0.440695987150848
25983,0.4714481168191338
25984,0.4613059783401505
25985,0.46661782311873
25986,0.5020599430053765
25987,0.4977451291980506
25988,0.4969342729384393
25989,0.48465468164286796
25990,0.4989479729877114
25991,0.4930465578029196
25992,0.48583243402391335
25993,0.5055331221806754
25994,0.502414035840559
25995,0.4997149512273992
25996,0.48960871961152636
25997,0.46774804826549343
25998,0.47939358267038124
25999,0.5048852357107996
26000,0.5020587053729786
26001,0.4751415878896927
26002,0.5011698452532567
26003,0.48567877860862585
26004,0.49213803896562697
26005,0.48893918958649496
26006,0.5022089465536694
26007,0.497059088863709
26008,0.49509692324893634
26009,0.4836837271573856
26010,0.4732211087058221
26011,0.46702557262050204
26012,0.49492832441640766
26013,0.4943874916209876
26014,0.4888178982180918
26015,0.4807889271357915
26016,0.5023129115759839
26017,0.503640391705109
26018,0.4965508576064068
26019,0.4687634011796712
26020,0.48201322183874507
26021,0.5033815559423134
26022,0.4911350693129327
26023,0.49797921722124594
26024,0.5003136804410209
26025,0.5030468481357665
26026,0.5086501206325511
26027,0.5140068229106011
26028,0.47975630348806186
26029,0.4663735887283029
26030,0.5059355655290034
26031,0.4935455816281711
26032,0.5115290758044992
26033,0.49432981460650166
26034,0.4960630086325598
26035,0.4723270154648378
26036,0.4994355455826045
26037,0.5038706870342518
26038,0.5005308645351608
26039,0.4802262713067599
26040,0.5057313446580601
26041,0.5005173358473997
26042,0.4833925342058073
26043,0.4941412483637709
26044,0.50297963408234
26045,0.5015785668391223
26046,0.49723354475561055
26047,0.5013204853444585
26048,0.4760636747731114
26049,0.4991558808940324
26050,0.5016320694899832
26051,0.5007616867646079
26052,0.46800474358484245
26053,0.5006856491507783
26054,0.4727869264140643
26055,0.4994779699687897
26056,0.4943404069723275
26057,0.48976127139763925
26058,0.49730695045454343
26059,0.4983854578463682
26060,0.4711035945224793
26061,0.49321254027510675
26062,0.5000871213232277
26063,0.49674321489958445
26064,0.5050406656113284
26065,0.46170147360785985
26066,0.48824023385204685
26067,0.4699750512369484
26068,0.48567345489559055
26069,0.4943281728227758
26070,0.5032405925568442
26071,0.49466889717214213
26072,0.4946107301439816
26073,0.4806412250583252
26074,0.5014949866904761
26075,0.49758484602764164
26076,0.4891367138509749
26077,0.4959111199475741
26078,0.5135927133087479
26079,0.49775987094840396
26080,0.5005090087712429
26081,0.506306165176664
26082,0.5010540094905507
26083,0.5053753699738901
26084,0.4881587081754212
26085,0.4956875199589148
26086,0.4994887438497523
26087,0.49196948273114816
26088,0.4942317895348815
26089,0.49930787359705453
26090,0.49999544084798164
26091,0.503134094360987
26092,0.5037634903154932
26093,0.5013040255168363
26094,0.48158165129516506
26095,0.4707674491362839
26096,0.5067397901461205
26097,0.5065961673515234
26098,0.5129246897341687
26099,0.4299535748807587
26100,0.49681107581816963
26101,0.49487765060781286
26102,0.4983256934879535
26103,0.4906840277539666
26104,0.5110190816534208
26105,0.47374127283828604
26106,0.4458496646676777
26107,0.49545360721291043
26108,0.47374077213347754
26109,0.4994056998342577
26110,0.5017734066237602
26111,0.4986265351913519
26112,0.504421069559115
26113,0.4977551501920981
26114,0.49274271855622565
26115,0.4864295416579296
26116,0.4990586060266103
26117,0.503796030157692
26118,0.4994590080254978
26119,0.4610436919348755
26120,0.5121141443559483
26121,0.4992194629251462
26122,0.5006854334043902
26123,0.5024345669515845
26124,0.5028008964721499
26125,0.49942276280226683
26126,0.5013869371130386
26127,0.48146282071116875
26128,0.4796380476651619
26129,0.5020691371403363
26130,0.43782171116309604
26131,0.4885439237382511
26132,0.4713279230214813
26133,0.5099708726958809
26134,0.4980528419277892
26135,0.5010861068506911
26136,0.5002644745298931
26137,0.4694830079733677
26138,0.5012110523391482
26139,0.4963019516751219
26140,0.5098630054227823
26141,0.4851352221367999
26142,0.4955272577101021
26143,0.49826754340864754
26144,0.4916462035384397
26145,0.4984481985293838
26146,0.49352469446522773
26147,0.4593816385891919
26148,0.495968781381724
26149,0.48146923114253004
26150,0.48078554353367753
26151,0.4901916760931572
26152,0.4978159037731606
26153,0.4821393777145554
26154,0.5031341772274968
26155,0.4473645050671016
26156,0.49432656248712253
26157,0.49998962776279854
26158,0.46271653748946273
26159,0.4937526334737943
26160,0.4946352167667219
26161,0.5120489713972869
26162,0.49625388931984443
26163,0.4961367086888146
26164,0.5012625411400428
26165,0.5004953192337802
26166,0.5014663907268935
26167,0.4810222656491604
26168,0.47917947044396886
26169,0.47516592003151636
26170,0.501164929330934
26171,0.45572887097825987
26172,0.5036450847820937
26173,0.49396612746393187
26174,0.5098821523719996
26175,0.47554231941132485
26176,0.5026635778780784
26177,0.5159499596110197
26178,0.4962447946748759
26179,0.5008165398796369
26180,0.5023498981908138
26181,0.5004976293237078
26182,0.5107363771584265
26183,0.49524928633508586
26184,0.4931642788473597
26185,0.4844216411042349
26186,0.48653341837448105
26187,0.4803650621521504
26188,0.5018407453772877
26189,0.4665006383273117
26190,0.49958668974664894
26191,0.49891881384443826
26192,0.499729388684586
26193,0.5013170991528064
26194,0.4994762698707967
26195,0.4871142093125904
26196,0.47047484757607394
26197,0.5018016369441105
26198,0.49860023056571745
26199,0.5014858238632859
26200,0.5004705099354103
26201,0.4881886245531012
26202,0.509609175478577
26203,0.5044955237928819
26204,0.5013983940512192
26205,0.5032041400325906
26206,0.501506003904405
26207,0.4982924710283417
26208,0.5159068113201508
26209,0.5088132678979941
26210,0.49629985659286857
26211,0.501455454580397
26212,0.48178590578176456
26213,0.5050122803636009
26214,0.502973723411785
26215,0.5014610184659174
26216,0.4879005030121065
26217,0.5018662690950604
26218,0.4903392788904263
26219,0.5030242565769253
26220,0.5019836187455345
26221,0.4985572674542948
26222,0.48176763867980466
26223,0.5026048408682244
26224,0.4997302508536733
26225,0.5035482727094119
26226,0.5015358837497002
26227,0.49996591267212165
26228,0.5016498280933449
26229,0.49262075230848834
26230,0.5113523409184502
26231,0.4876725698015639
26232,0.5035232361386186
26233,0.4966691473821766
26234,0.5024824415743222
26235,0.49966200467386424
26236,0.4983789447526169
26237,0.49768297463902883
26238,0.5003723120007707
26239,0.49872399818469004
26240,0.4980646687896088
26241,0.4932854036841967
26242,0.4857803923589926
26243,0.49428839193201357
26244,0.47735853965835406
26245,0.506804230955525
26246,0.5024681983687879
26247,0.5013545707656564
26248,0.49619227320317405
26249,0.5107533907256954
26250,0.49718728703073156
26251,0.5013888185590665
26252,0.49834766977925415
26253,0.502331739661365
26254,0.4922019513025594
26255,0.4746371388274787
26256,0.49751743046886754
26257,0.4929361071986402
26258,0.5089043745011967
26259,0.5119481414266274
26260,0.5054480027434328
26261,0.4848852917004022
26262,0.5040724160606376
26263,0.5014302171361377
26264,0.49867780016712004
26265,0.49560558202066163
26266,0.498034411539675
26267,0.5034650631652228
26268,0.5021019914936056
26269,0.48465698716534633
26270,0.4912470626888491
26271,0.5068134841883798
26272,0.5021205121492323
26273,0.5032232424383021
26274,0.5003089265965197
26275,0.492066183054104
26276,0.4983467882789706
26277,0.5021096709319796
26278,0.5024783985982203
26279,0.502976576334651
26280,0.5031561286298466
26281,0.47966980309861623
26282,0.4683961631426149
26283,0.5042441959315285
26284,0.49933323210082414
26285,0.5037162413471336
26286,0.4878212168849817
26287,0.49878358780010823
26288,0.5077237953634011
26289,0.5021099784165349
26290,0.4996161045648454
26291,0.4883992981728076
26292,0.4904894205507322
26293,0.49220382715918554
26294,0.5023707195967446
26295,0.4689871514210419
26296,0.45875802007907096
26297,0.4962493116511283
26298,0.48853221882832754
26299,0.4974623098748198
26300,0.4976864775170505
26301,0.5027970190994829
26302,0.49803192858057466
26303,0.4924482557241553
26304,0.4833137735123649
26305,0.5068319588794894
26306,0.49595599381584077
26307,0.49653227744135475
26308,0.4900237177136527
26309,0.5121859531219733
26310,0.49879091646902896
26311,0.508547609633937
26312,0.4837438662979496
26313,0.47745832868620514
26314,0.4927146448277904
26315,0.47187295621674163
26316,0.49950088662123193
26317,0.5114082806268685
26318,0.5048398796341041
26319,0.4993624042628544
26320,0.43583070170263516
26321,0.49209087690068304
26322,0.5101317262429474
26323,0.46879466262006336
26324,0.4970996962305705
26325,0.49764679507304843
26326,0.4674761264505257
26327,0.4729992502918338
26328,0.5031210080438645
26329,0.5016934434888304
26330,0.49127108110709894
26331,0.49143244316273516
26332,0.5136223657622208
26333,0.4663937521042474
26334,0.4986536003832557
26335,0.5041319485314364
26336,0.5012756732432542
26337,0.4999434945970229
26338,0.4987850285393205
26339,0.49856715899569426
26340,0.47706313008098017
26341,0.47691348594902516
26342,0.5142091598471008
26343,0.5000825369930216
26344,0.4946883031519144
26345,0.49098679284845315
26346,0.4519880803777162
26347,0.4810884129383144
26348,0.49687343340476897
26349,0.4912167361276588
26350,0.5032601872069227
26351,0.5017718735918271
26352,0.48781866287423475
26353,0.48384821383979526
26354,0.4452887516322711
26355,0.491151842093171
26356,0.5089640615023541
26357,0.49763853616736137
26358,0.48335786775409595
26359,0.45397854277109473
26360,0.49657390416770497
26361,0.49280799107353007
26362,0.49342284957876503
26363,0.47252212601013666
26364,0.47060412743946434
26365,0.5002232795214556
26366,0.4658846862136954
26367,0.5029415435287644
26368,0.5154379263966048
26369,0.49661509865229736
26370,0.502916522148473
26371,0.4680292891970197
26372,0.49216885736187194
26373,0.500922892252756
26374,0.4945899369198611
26375,0.4926214795099532
26376,0.4988789102861272
26377,0.4559153775275961
26378,0.5008090756503639
26379,0.4944747874153183
26380,0.4995408215938697
26381,0.5104307692661048
26382,0.4853730794479808
26383,0.5126178370646242
26384,0.4650859097151422
26385,0.513234018593654
26386,0.4921567963184874
26387,0.48866477938954533
26388,0.503360007999185
26389,0.5005013631414735
26390,0.4848546031837203
26391,0.4745344677614106
26392,0.47659413762709824
26393,0.476819335605959
26394,0.4966395789456606
26395,0.46410596977323015
26396,0.49953877752146836
26397,0.5042385434834481
26398,0.502317426734169
26399,0.49570263511960444
26400,0.4436212760512108
26401,0.5034683304638666
26402,0.5060972525674574
26403,0.49821753950299447
26404,0.49854409175783543
26405,0.4993718396325077
26406,0.4848210226393648
26407,0.4828069630356394
26408,0.48893011764081684
26409,0.4807196166366988
26410,0.4900669881435499
26411,0.49280809376359747
26412,0.4684265313674067
26413,0.4985260515078387
26414,0.5067454808203179
26415,0.49105251274751627
26416,0.49833967119589306
26417,0.5011437431892886
26418,0.4886083749443214
26419,0.5098844448215474
26420,0.49028856904047546
26421,0.5097677476971193
26422,0.4910687446848152
26423,0.4988741498814482
26424,0.5079851051751876
26425,0.46878151072660956
26426,0.4918134399054932
26427,0.49950272485038927
26428,0.5036886362501876
26429,0.49171676498046185
26430,0.498882313325734
26431,0.48876397105609676
26432,0.48814951387361083
26433,0.470129814706957
26434,0.5004344402294765
26435,0.4974604663312673
26436,0.5017101659976875
26437,0.4935433481918209
26438,0.4898267931564275
26439,0.4965518051060063
26440,0.4976806985337643
26441,0.4985883321596246
26442,0.4874229062098215
26443,0.5010484811600421
26444,0.5006781650397752
26445,0.4935271764541618
26446,0.49022756639630105
26447,0.49121748062925946
26448,0.4981529394588004
26449,0.4938127575884248
26450,0.467413004342605
26451,0.48510285262061625
26452,0.47786346341531827
26453,0.5091828088879521
26454,0.49093864241966245
26455,0.463966321673116
26456,0.5079808886688184
26457,0.4977474053643156
26458,0.5008621437861793
26459,0.5112197149156104
26460,0.47841482871204544
26461,0.5005990573681333
26462,0.49865838441316357
26463,0.5153574385667443
26464,0.500088899396513
26465,0.4986973379785317
26466,0.5045142782872365
26467,0.47860312432365104
